0;The Florida Department of Agricultures website FreshFromFlorida.com can be used to get a permit to carry a loaded hidden gun without ever leaving your house.
0;The Atlanta streetcar is expected to create 930 jobs during construction totaling more than 5600 jobs over the next 20 years.
0.75;Raising the minimum wage to $10.10 an hour would help lift over a million Americans out of poverty.
0.75;Says Secretary of State John Kerry when he was a senator flew to Managua and met with a communist dictator there Daniel Ortega and accused the Reagan administration of engaging in terrorism.
0;NATO is opening up a major terror division. ... Im sure Im not going to get credit for it but that was largely because of what I was saying and my criticism of NATO.
1;Sen. Obama has always had a 100 percent prochoice rating.
0.5;Since Gina Raimondo took office investment fees on the states pension portfolio have gone up from about $12 million annually to about $50 million.
1;The federal debt is growing by more than $4 billion a day.
0.5;Under President Barack Obamas jobs bill states would no longer have to lay off teachers firefighters and police officers.
0;Of our 98000 teachers who are K-12 over 53000 of those teachers today are over 50 years old.
0.75;Two-thirds of Wisconsinites receiving unemployment checks are not required to search for work due to current work search exemptions.
0.5;Under President Obamas health-care reforms the premium for an average plan for a family didnt go down by $2500 per year its gone up about $2500 per year.
0.5;The IRS also investigated liberal groups groups that had progressive in their name. ... The IRS was basically looking at everybody.
0.25;Says Obama promised unemployment would never go above 8 percent.
1;The economy is creating jobs at the fastest pace since 1999.
0.75;President Obama decided not to meet with Prime Minister Benjamin Netanyahu in New York.
0.75;In a majority of states you can now marry freely but can still be fired for who you love.
0;Say Oregon Reps. Peter DeFazio and Earl Blumenauer are socialists who are openly serving in the U.S. Congress.
0;Rudy Giuliani is probably the most underqualified man since George Bush to seek the presidency.
0;About half of the presidents have been governors
0.75;After Britains vote to leave the European Union within 24 hours Americans lost $100 billion from our 401ks.
0.75;Medicaid spending declined by 1.9 percent in 2012 the second such decline in 47 years.
1;Says 88 Texas constables have died in the line of duty.
0.75;Gov. Rick Scott cut the cost of prepaid college tuition by nearly $20000.
0.75;The city of Columbus would save $41 million a year if employees had to contribute to their own guaranteed-check pensions.
1;As Floridas CFO I shut down Krakows scam and refunded more than $1.2 million to Josephine and other victims of this con man.
0.75;You had more women getting computer sciences degrees in the 80s by a factor of 2-plus than you do now.
0;The Air Force wants taxpayers to fund a fantasy football league.
0;Barack Hussein Obama will ... force courts to accept Islamic Sharia law in domestic disputes.
0.5;About 3 percent of murders and crimes are committed with guns from people who actually legally purchase those guns.
0.75;Some neighborhood schools are closing.
0.75;He told gay organizers in Massachusetts he would be a stronger advocate for special rights than even Ted Kennedy.
0.75;The years that I was speaker the Florida House consistently offered leaner budgets than the governor offered.
0.25;We are already almost halfway to our 2010 goal of creating 700000 new jobs in seven years.
1;Says the U.S. Supreme Court found that Social Security is not guaranteed.
0;SaysMichael Bennet wants to close Guantanamo Bay prisonand bring terrorists right here to Colorado.
1;Oregonians have an amazing no-cost way to fight abortion with free political donations
0;The president said hes going to bring in 250000 Syrian and Iraqi refugees into this country.
0.25;Research shows that a vast majority of arriving immigrants today come here because they believe that government is the source of prosperity and thats what they support.
0.75;Newt Gingrichs immigration plan offers a new doorway to amnesty.
0;Mr. Caprio is a career politician who has never worked in the private sector.
0.25;In Rhode Island 9 percent of workers use the states temporary disability insurance program each year while in New Jersey the rate is only 3 percent.
0.75;In just 17 years spending for Social Security federal health care and interest on the debt will exceed ALL tax revenue!
0.75;President Obama took more money from Wall Street in the 2008 campaign than anybody ever had.
0.5;Donald Trump has said nuclear proliferation is OK.
1;Hillary Clinton has taken over $800000 from lobbyists.
0;Barack Obama has never even worked in business.
0.5;Says the Arizona immigration law expressly bans racial profiling.
0;Says Gov. Rick Perry has been begging for the federal government to send the Coast Guard to patrol two lakes on the U.S.-Mexico border.
0.25;On the VA: Over 300000 veterans have died waiting for care.
0.75;Were now spending 42 percent of our economy on government.
0.25;Rob Cornilles supports privatizing Medicare.
0;In 2005 Dan Branch tried to expand third-trimester abortions in Texas.
0.5;We Democrats have made steady progress creating jobs and improving our schools.
0;Michigan and Massachusetts raised their bottle deposit and could no longer afford the program because the redemptions were so high there was no profit in there.
1;Whether you like to admit it or not half our general revenue goes to education.
0;Im the only one whos fought against developers draining the Everglades!
0.5;Says Ron Johnson calls Social Security a Ponzi scheme and wants to privatize the program.
0.5;There are 31 other states and 10000 other cities that have the same type of policies that we just passed referring to North Carolinas House Bill 2.
0.25;Climate change is directly related to the growth of terrorism.
0.25;The jobs bill includes President Obamas tax on soup kitchens
0.25;Says the Obama administration spent taxpayer dollars on electric cars in Finland and windmills in China.
0.5;While Sarah was Mayor of Wasilla she tried to fire our highly respected City Librarian because the Librarian refused to consider removing from the library some books that Sarah wanted removed.
0.5;If Milwaukee approves reducing its maximum forfeiture for marijuana possession to $50 the city would have 23 different bicycle violations that have a higher forfeiture.
0;We have more illegal immigrants here than we did five years ago.
0.25;Says Rick Perry wrote a letter supporting Hillarycare.
0;The U.S. Patent and Trademark Office received zero complaints about the Washington Redskins name.
0;The presidents health care proposals will cause most Americans to have their premiums increased not decreased and hundreds of millions of people lose their current insurance coverage.
0.75;Mexican immigrants are more law-abiding than U.S. citizens and that is a statistic.
0.5;Says Chris Christie vetoed a jobs package of 30 bills.
1;There are already more American jobs in the solar industry than in coal mining.
0.5;Says Illinois gubernatorial candidate Bill Bradys first priority after winning the primary was to sponsor a bill that would mass-euthanize sheltered dogs and cats in gas chambers.
0.5;Barack Obama is in an economy thats only worsened since hes been president of the United States.
0.75;Romney failed to take action against sanctuary cities in Massachusetts.
0.5;Says New Jersey is down nearly 200000 jobs from its pre-recession peak and with Gov. Chris Christie New Jersey has trailed the rest of America when it comes to unemployment for 12 consecutive months.
0;Says Thomas Eric Duncan came into the United States with an elevated temperature.
0.75;We have been in Afghanistan longer now than we have been in any foreign land conducting a war in our nations history.
0.5;Gas prices have gone up $2 since Obama took office.
1;Webster sponsored a bill to create a form of marriage that would trap women in abusive relationships.
1;Says judges get better benefits at a lower cost than everybody else in the state.
1;There are a lot of casinos across the country that have gone bankrupt.
1;Small businesses create 70 percent of the jobs in America.
0.5;Seniors with coverage under Medicare Advantage will give up more than their share because of health care reform
0.5;Over 12000 school kids were arrested in Florida. It makes Florida the nations leader in that area.
0.75;If Texas were a country our economy would rank # 10...in the WORLD.
0;There are more oil rigs in operation in the United States than the rest of the world combined.
0.5;Payday lenders profit from the poor by charging 1000-plus percent interest.
0.5;The Social Security trust fund is sound. Without anything being done it would function well into 2038
0.75;It is a commitment voters take very seriously: The only incumbent in Ohio to break his Pledge and vote for Ted Stricklands income tax hike was defeated soundly on Tuesday.
0;The Obama administration shut down the Amber Alert program because of the government shutdown.
0.75;The Republicans have 2 percent of the Muslim vote.
0.75;[W]e see Americas prison population exploding with America having a greater percentage of its people behind bars than any other nation in the world!
0;Says that in a hearing Rep. Gabrielle Giffords suggested to Gen. David Petraeus that the Army put more emphasis on less environmentally damaging methods like stabbing or clubbing enemy forces in order to minimize the carbon output.
0.5;Every single one of the 41 Republican senators who just blocked a raise in the minimum wage will receive a $2800 cost-of-living adjustment on January 1 2015.
1;In Texas the No. 1 name for new male babies many of whom will vote one day is Jose.
0.75;Marco Rubio voted against authorizing President Obama to strike Syria after Assad used chemical weapons on his own people.
0;Under the Cash for Clunkers program all weve got to do is ... go to a local junkyard all youve got to do is tow it to your house. And youre going to get $4500.
0;Not one Republican has the guts to recognize that climate change is real.
0.5;While our people work longer hours for lower wages almost all new income goes to the top 1 percent.
0;David Dewhurst has a record of promoting an income tax.
0.75;Point Pleasant Beach does not own its beaches
0.25;In the past year more than 20 percent of Americans have changed their mind about the war in Afghanistan. They conclude we shouldnt be there.
0;In the last five years 28000 people have been killed along the U.S.-Mexico border.
0.25;The state of Ohio has one of the lowest unemployment rates in the nation right now and is leading the pack in terms of job creation.
0;Says Obama health reform law denies millions access to affordable insurance.
0.25;Says HB2 hasnt moved the needle one iota on North Carolinas economy.
0;Close to 30% of our federal prison population consists of illegal immigrants.
0;Says Rick Scott called education not a core function of the state.
0;The Family Research Council according to some government agencies is a terrorist group.
1;Says Rep. Jim Weidner proposed a bill taking away health care for 80000 of Oregons children.
1;Says that in the 1985 election former Gov. Tom Kean had the largest winning margin for a gubernatorial candidate in Jersey history.
0;Obamacare is the biggest tax increase in American history.
1;You ... said that Barack Obama was not ready to be commander in chief.
0.75;The median male worker in this country has not seen a raise inflation adjusted for 30 years basically.
0.25;Milwaukee Mayor Tom Barrett has held the line on property taxes.
1;Im the only member of the House of Representatives who raised most of his campaign funds in the last election from small contributions of less than $200.
1;Unlike the gridlock in Washington more than 80 percent of the bills we passed during this General Assembly had bipartisan support.
0;Josh Mandel is lying about his own record. The rating of Ohios investment fund has NOT improved.
0.5;Rick Scott took $200000 from a family that leased land for drilling and now he is trying to hide from it.
0.5;On how money from a possible lease of the Ohio Turnpike would be used
0.75;At the beginning of the last decade ... America had a budget surplus of over $200 billion. By the time I took office we had a one-year deficit of over $1 trillion and projected deficits of $8 trillion over the next decade.
0.5;The president has had 1540 of his nominations confirmed only four defeated.
1;U.S. taxpayers are being forced to fund Feisal Abdul Raufs trip to the Middle East.
0.25;Milwaukee County taxpayers paid $370000 to settle a lawsuit over a decision by Sheriff David A. Clarke Jr. to use untrained corrections officers rather than deputies to patrol the lakefront.
0.75;There are Justice Department policies against FBI Director James Comey discussing details of a federal investigation so close to an election.
1;Democratic presidents have been considerably more effective at creating private-sector jobs.
1;Joe Biden voted against the first Gulf War. He opposed the surge. He wanted to partition Iraq.
0.25;Says Rush Limbaugh made it clear hed rather see the country fail than President Barack Obama succeed.
0.5;One percent of the American people make over 21 percent of all the income in America. That wasnt the way before George Bush became president.
0.5;Military recruiting went on at Harvard every single day throughout the time Kagan was there.
0.75;Says that under Rick Perrys plan Texas has cut funding for public schools by 25%.
0.5;Says David Perdue wants to abolish the U.S. Department of Education which would cost Georgia schools $1 billion a year and eliminate millions in student loans.
0.75;The Paul Ryan budget proposal would privatize Medicare.
0.75;High school students arrested on campus are twice as likely not to graduate and four times less likely to graduate if theyve appeared in court.
0.5;The United States imprisons more than any nation in the world.
0;Says Marco Rubio is the one for an open border.
0.75;...Over 30 years federal spending on education has grown by 375 percent but test scores remain flat.
0.25;Says cuts to Medicare affect people who have already paid in. We paid for it.
0.25;David Alameel is giving thousands of dollars to support the Republican Party candidates including John Cornyn and Greg Abbott.
1;The American healthcare system burns 18 percent of our national GDP. Nobody else is close.
0;Providences port is 200 miles closer to Europe than any other Eastern port.
1;Says you need a photo ID to purchase Sudafed in Texas.
0.75;Twenty percent of housing in Portlands Pearl District is affordable.
0.75;Says allowing the payroll tax holiday to expire would end up costing another estimated 900000 jobs in 2012.
0.5;Hillary Clinton supported NAFTA and permanent China trade. Pennsylvania lost thousands of jobs.
0.5;Numerous studies have shown that these so-called right-to-work laws do not generate jobs and economic growth.
1;Obamas budget plan would take national debt up to about 80 percent of gross national product. ... Historically its been about 40 percent.
0.25;Says Hillary Clinton said the Veterans Affairs scandal is over-exaggerated. She said she was satisfied with what was going on.
0;We now have driven health care costs down to the lowest theyve been in 50 years.
0.5;President Barack Obamas initial response when we heard about the Christmas underwear bomber was to say that this was the act of an isolated extremist.
0.5;Says Sen. Sherrod Brown admitted that his $787 billion stimulus law failed and after specifically attacking Republicans for wanting to lower Americans taxes he now claims that his stimulus bill didnt do enough to lower taxes.
0.75;In the 1950s A lot of people got rich and they had to pay a top tax rate of 90 percent.
0.75;The Charleston S.C. shootershould have never been given a gun but the universal background check was not fast enough.
0.25;Sixty-five percent of the Iraqi people now say its okay to shoot an American soldier.
0;Twelve judges have thrown out legal challenges to the health care law because they rejected the notion that the health care law was unconstitutional.
0.5;Says Gov. Chris Christies proposal to reduce state income taxes would be the second tax cut for the rich by the governor in two years.
1;Warren Buffett still does support me.
1;Says George LeMieux was one of two Republicans who voted for President Barack Obamas jobs bill.
0;A precinct in the Allen West-Patrick Murphy recount has 7 registered voters in Guatemalan community and the tally showed 900 voted!!!!!
0.75;About 230000 people that were on unemployment when I took office are not on unemployment now.
0.25;One person Kathleen Sebelius was going to determine whether or not 10-year-old lung patient Sarah Murnaghan would live or die.
0;Ron Klein repeatedly voted in favor of amnesty for illegal immigrants.
0;Local law enforcement . . . will have access to the [Obamacare] Data Hubs treasure trove of personal info.
1;During his tenure as mayor he saw Houstons crime rates drop to the lowest levels in more than 25 years.
0;Barack Obamas Columbia University ID says he was a foreign student and went by Barry Soetoro.
0.25;John McCain one of the richest people in a Senate filled with millionaires says the solution to the housing crisis is for people to get a second job and skip their vacations.
0;Terry McAuliffe wants to raise your taxes $1700 to pay for his infinite promises.
0.5;Hypocrisy at the Clinton Foundation: Top male staff made on average $218029 while top female staff made $153014 from 2010-2014.
0.75;Since the federal Violence Against Women Act was adopted in 1994 cases of domestic violence have fallen by 67 percent.
0.5;Says federal law enforcement officers cut off questioning of the Christmas Day underwear bomber by giving him a Miranda warning after 30 minutes of questioning.
0.5;On legalizing illegal immigrants.
1;Nearly half of all pregnancies in the U.S. are unintended.
0.5;We are borrowing Saudi money for Saudi oil with the result being dependency and debt.
0.5;Says there are homes for sale on and around Oswego Lake right now for under $150000 that anyone is welcome to buy.
0.5;Since the president became the president we have lost 3.3 million jobs in the private sector. But you know whos done OK and whos not complaining today? The public sector. Weve gained 590000 public sector jobs.
0;The top 1 percent pay over half of the entire revenue for this country.
0.25;The difference over the previous four years between where things were headed and where we brought them to over the last four years is a total of $816 in saved property tax money.
0.5;Chris Christie has not increased the taxes on anyone.
0.25;The United States does not have a system through which growers and dairies can bring a workforce legally into the U.S.
0;Says he never said he would keep education funding the same.
1;Since 1978 college tuition nationwide has gone up something like four times the rate of inflation.
0.5;Says Sen. Rob Portman said It would be irresponsible not to cut Medicare.
0.75;Most of if not all of the [DeKalb school construction] projects always came in on or were under budget.
0;Palin supported right-wing extremist Pat Buchanan for president in 2000.
0.25;Says Sen. Sherrod Brown voted to block American energy production and increase energy taxes.
0.25;Says Jeanne Shaheen voted for a measure that would have amounted to a new national energy tax.
0.5;Washington D.C. had some of the strictest gun laws in the country. And when they passed them violence skyrocketed.
0.75;Seven presidents before Barack Obama -- Republicans and Democrats -- tried to expand health care to all Americans.
0;While fighting a move to toughen penalties for workplace gender discrimination state Sen. Glenn Grothman said he didnt believe women belonged in the workplace but belonged at home cooking and cleaning and having babies.
0;If you put the $47 billion in revenue raised over 10 years by the Buffett rule into infrastructure you could create 611000 infrastructure jobs.
0;What is the proper collective noun for a group of baboons? Believe it or not . . . a Congress!
1;I have repeatedly said that many of the predatory loans that were made in the mortgage system did target African-American and Latino communities.
0.75;Starting in December 2007 1.4 million jobs were created in Texas. In that same period the rest of the country lost 400000 jobs.
0.25;The health reform legislation which Washington passed last year has made it more difficult to hire because its increased costs for employers.
0.25;The CBO the Congressional Budget Office has said that Obamacare will kill 800000 jobs.
0.25;Thompson voted against $250000 caps on damages and almost anything that would make our legal system fairer.
0;Texas this fiscal year will have more money in reserve than the other 49 states combined.
0;On using the Strategic Petroleum Reserve.
0.75;Immigrants are more fertile.
0.75;The proposed education changes will not cut one teachers pay.
0;The number of uninsured people in Massachusetts is about the same as it was when the mandates were passed in 2006.
0.75;Firearms homicides are down about 40 percent since Texas passed concealed-gun permit law.
0;Upwards of 90 percent of women seeking an abortion decide not to have an abortion after seeing an ultrasound.
0;We spend less on defense today as % of GDP than at any time since Pearl Harbor.
0.75;If you got rid of the income tax today youd have about as much revenue as we had 10 years ago.
0.5;Says Scott Walker wants to ban common forms of birth control including the pill.
0;Jason Kander supports [Obamas] plan to bring the remaining suspected terrorists to U.S. soil.
0.5;Shelby County donated Im sorry gave 44 schools to the city of Memphis.
0.5;Top U.S. intelligence officials have toldevery member of Congress including the president were about to be attacked in a serious way because of the threat emanating from Syria and Iraq.
1;Have the suburbs been inundated with former residents of Atlanta housing projects? Absolutely not.
1;In July 1996 Mitt Romney helped locate the missing teenage daughter of a partner at Bain Capital.
0.25;Blames Mike McIntyre and Nancy Pelosi for the second straight year of no cost-of-living increases for Social Security beneficiaries.
0.25;The government is going to have the right to get into your bank account with the health care bill and make transfers without you knowing it.
0.5;There are mechanisms in place to shut down the Internet privately.
0.25;The American people support defunding Obamacare and oppose shutting down the government.
0.5;Report that #GOP insisting on changes to Social Security as part of #fiscalcliff 0. BTW those changes are supported by @barackobama.
1;Nobody has played clips over and over ...of President Obama saying If they bring a knife to the fight well bring a gun.
0;The people of Rhode Island dont want same-sex marriage.
0.5;Rep. Paul Ryans Medicare plan lines the pockets of the private insurance companies increases costs for seniors and does not reduce the deficit.
0.25;This year in Congress Connie Mack IV has missed almost half of his votes.
0.25;1/3 of our kids drop out of high school cannot go to college or start a career.
0.25;Not even old Gen. Eisenhower saluted military personnel as president.
1;If Wisconsins governor cuts perquisites as much as he plans to do it would still leave workers better off than their private sector counterparts.
0.25;You cant get on an airplane but more than 2000 people on that list have been able to buy a gun.
0;74 percent of Republicans support the Affordable Care Act.
0.5;For every $1 spent on afterschool programs we can save over $5 almost $6 in crime costs down the line.
0.5;The federal government has $3 trillion in cash flow so we can pay our bills and wont default.
0;Says Alex Sink failed Florida homeowners by using predatory lending practices.
0.25;Over 40 percent of small and mid-size banks that loan money to small businesses have been wiped out since Dodd-Frank has passed.
0.25;You cant check out a library book without a photo ID.
0;Says that Starbucks took Christmas off of their brand new cups.
0.75;Atmospheric conditions could push a footballs pressure down approximately one-and-a-half pounds per square inch.
0;Hillary Clinton supports unlimited abortion on demand up until the moment of birth including partial-birth abortion with taxpayer funding.
1;Under legislation that has cleared the Georgia House some children who are legal refugees could obtain state scholarships to attend private schools.
0.75;We went from losing 3 million jobs in the last six months of the Bush Administration adding almost 600000 private sector jobs in the first six months of the year.
0.5;The STAR Ohio fund just received the highest possible credit rating one of these funds can receive.
0.5;Taxpayers are on the hook ... for less than a third of the proposed new Atlanta Falcons stadium and those funds are repaid from money that comes from outsiders.
0.75;In the last 22 months businesses have created more than 3 million jobs. Last year they created the most jobs since 2005.
0.5;Every year more than $40 million are leaving Missouri for the Lone Star State.
0.75;A college loan is the only loan in the United States that you cannot refinance when interest rates go down.
0.75;The House of Representatives has never passed a resolution of disapproval to condemn a members behavior.
0.75;We are younger than our competitors and this is entirely because of immigration.
0.5;Recent international reports show the United States near the bottom among industrialized nations for k-12 academic achievement.
1;Says 24 million people in this country cant find a full-time job 50 million cant see a doctor when theyre sick 47 million people need government help to feed themselves and 15 million families owe more than the value of their home.
0.5;The policy mistakes that ... the Clintons made got us in large degree to the situation that we are in today with mass incarceration.
0.25;Says he raised average family income by 50 percent during his tenure as Arkansas governor.
0.5;They tried to give us $400 million to build a high-speed train that goes 39 miles an hour.
0.5;Says the CBO estimates that fully extending the Bush tax cuts would add 600000-1.4 million jobs in 2011 and 900000-2.7 million jobs in 2012.
1;President Reagan did it raised the debt ceiling 18 times. George W. Bush did it seven times.
0.5;According to David Cay Johnston the average American pays about 22 percent of their income to federal taxes. The richest 400 Americans pay about 16 percent of their income to federal taxes.
0;Most young Americans right now theyre not covered by health insurance.
0.75;In 1952 the corporate income tax accounted for 33 percent of all federal tax revenue. Today despite record-breaking profits corporate taxes bring in less than 9 percent.
1;Over the last 10 years Texas created 33 percent of the net new jobs nationwide.
0;Says two-thirds of groups targeted for IRS scrutiny were not conservative.
0;In the class of 1968 at Patrice Lumumba University in Moscow Mahmoud Abbas was one of the members of that class and so was Ali Khamenei. And thats where they first established relationships with the young Vladimir Putin.
0.5;Last week the Texas State Board of Education SBOE led by Rick Perrys appointee voted to remove Thomas Jefferson from social studies textbook standards. Thats right. Thomas Jefferson... was deleted from a list of historical figures who inspired political change.
0.25;As a U.S. senator with salary and perks ‪#Bernie‬ is in the top 1 percent but still paid only 13 percent in taxes last year.
1;You know we cant just pull out now... The truth of the matter is: If we started today it would take one year one year to get 160000 troops physically out of Iraq logistically.
0.5;From 2013-2015 the richest 14 Americans increased their net wealth by more than $157 billion yet the Republican budget would not require these Americans to contribute one penny to deficit reduction.
0.5;Says that while Foster was mayor Rick Kriseman was ineffective in the Florida House of Representatives because there was no legislation that passed the House that had Krisemans name on it.
0.75;Says Texas routinely gets a lot more federal spending than it pays in taxes.
0;Cell phone numbers go public this month.
0.25;Says it has offered $12 million in savings through 2011 and $184 million in savings over the next 25 years in contract negotiations with the City of Milwaukee.
0;Clackamas County Commissioners approved a re-negotiated agreement to lower the countys contribution to TriMets Portland-Milwaukie Light Rail project to $19.9 million from $25 million.
0.75;Says Texas has 11 different felonies you can commit with an oyster.
0;The Obama administration is unwinding our nations welfare-to-work requirements.
1;Electric car sales in Georgia have dropped dramatically since a $5000 tax credit was eliminated and a $200 annual registration fee was imposed July 1.
0.5;The Redskins Training Camp deal generated $40 million in new private investment in the city.
0.5;The GOP budget plan would cut nearly a million jobs.
0.5;There are more people living in this country who were not born here than at anytime in the history of the country.
0.5;Says Hillary Clinton defended Syrias President Assad as a possible reformer at the start of that countrys civil war.
0.5;The Postal Services financial losses result from a 2006 law that drains $5 billion a year from post office revenue while the Postal Service is forced to overpay billions more into federal accounts.
0.75;As many as six federal department budget bills have been delayed because of opposition to amendments that would ban Confederate battle flag sales at federal building gift shops.
0;Shes voted for 60 tax increases hurting the middle class and small businesses.
0.25;Now in the House of Representatives we have 40 different jobs bills that have passed and almost all of them have been bipartisan.
0;Sheila Jackson Lee of Texas said: Hey all you wrinkly white-aged has-beens: Its time for you to die and let the next generation have your spot on the planet.
0.25;Republican small business tax cut bill spends $80 million for better Google searches not job creation
0.75;A 2013 state law would allow the operator of an iron ore mine in northern Wisconsin to fill in pristine streams and ponds with mine waste.
0.25;America is one of the highest-taxed nations in the world.
0;If black America were a country itd be the 15th wealthiest nation in the world.
0.5;Since Republicans took over after the 2010 election the graduation rate in Wisconsin has gone from 86 percent to 88 percent. The black graduation rate has gone from 60 percent to 65 percent. The Latino graduation rate has gone from 65 percent to 71 percent.
0.25;It has been estimated that nearly 40 percent of all guns sold in America are sold by private unlicensed sellers either online or through gun shows.
1;2008 was the deadliest year of the war in Afghanistan for American forces.
0.75;Florida teachers are already paid $5000 below the national average.
0.5;Since Rick Perry became governor Texas has gone from 46th in the country to 50th in the population that graduates from high school.
1;Says Amanda Fritz manages less than 5 percent of city operations.
0.5;The streetcar project planned by Mayor Tom Barrett would be a 1900s style trolley.
0.5;Americans in the last 30 years have more than doubled the amount of money we are spending per child on education and the results have gotten worse not better.
0.25;Polls show that Floridians dont want to repeal the Affordable Care Act.
0;Says Congressman Bill Pascrell voted to remove the public option from the Affordable Health Care Act.
1;Lawmakers were paid for their off-season efforts to for the first time take the lead in drawing borders for two would-be cities.
0;Greg Abbott and his surrogates have referred to women who have been the victims of rape or incest as though somehow what they are confronting is a minor issue.
1;On offshore drilling for energy
0.25;Under a proposed medical marijuana amendment in Florida you dont get refills -- you get it forever.
0;A data-storing microchip would be implanted in the majority of people who opt to become covered by the public health care option.
0.5;Enacting the Right-to-Carry Act would amount to expanding the rights of sex offenders terrorists child predators and abusers to carry concealed weapons across state lines.
1;I havent missed a vote since 1993.
0.25;Says the treasurers office has saved $37 million in management costs for the oversight of public investments.
0.75;Says Georgia will send more state money per child to state charter schools and that budget cuts are not applied to those charter schools.
0;Jorge Elorza wants to impose a municipal income tax.
0.25;The Supreme Court cant overrule the other two branchesof government.
0;Roughly 25% of RI has a criminal record
0.5;Nathan Deal cut the HOPE scholarship program so that literally 100000 Georgians will not be able to go to college or get technical training that they so badly needed to raise -- you know give them a chance at a good job.
0.5;As governor of Arkansas I cut taxes and fees almost 100 times saving the taxpayers almost $380-million. I left a surplus of nearly $850-million.
0.5;I havent raised taxes in the time Ive been the governor of New Jersey.
0;Massachusetts public schools teach kids as young as kindergartners about gay marriage.
0;Im probably one of the four or five best-known Americans in the world.
0.25;We are accepting more legal immigrants than we ever have in the history of the United States.
1;Congress is bewildered at the scope and reach of our spying apparatus but in 2008 and 2012 explicitly rejected an amendment calling for more disclosure.
0.5;Six people in Florida die as a result of not expanding Medicaid every day.
0.75;Gov. Maggie Hassans budget proposal raises taxes on small businesses and increases taxes and fees by $100 million.
0.25;Only in Washington would politicians spend $27 million to teach Moroccans how to make pottery.
1;Hillary Clinton starts off with 47 percent of the country against her.
0;SaysRand Paulhas put out budgets to cut the military in half.
0.5;Groups that receive foreign money are spending huge sums to influence American elections.
1;Says legislative cuts mean Texas is spending on average $500 less per student.
0.5;[A]t his current rate President Obama will have added more debt to the United State of America by the end of his first term than each of the previous 43 presidents -- combined!
0.5;We know that Saudi Arabia started al-Qaida.
0.75;Says Williamson County Attorney Jana Duty has never prosecuted a single adult felony case.
0;The fundraising numbers are in and our grassroots support is unmatched!
0.75;Issue 2 makes it illegal for us to negotiate for enough firefighters to do the job.
0.75;Says although the unemployment rate seems to be improving it does not reflect real job creation -- its caused by a shrinking of the actual labor force.
0;Gov. Scott Walker hired convicted Assembly Speaker Scott Jensen to oversee a raid on the state employee retirement system to help balance the state budget.
0.25;Obama voted to cut off funding for our American troops on the battlefield.
0.75;In general it appears Wisconsins right to work bill would likely apply to the Green Bay Packers players and their union.
0.75;The so-called defense minister of the Peoples Republic of Donetsk ... actually posted a bragging social media posting of having shot down a military transport. And then when it became apparent it was civilian they pulled it down from social media.
0.5;Democrats are kind of falling over each other seeing who can raise taxes faster. It looks like theyre going to raise taxes anywhere between 20 to 30 percent.
0.75;Right now one of our highest job growth sectors is Leisure and Hospitality. Weve added jobs that mostly fall within the restaurant and bar sector industry. These are not high-paying jobs as the U.S. Department of Labor estimates this is an industry sector with the lowest average wages and the lowest proportion of its workforce earning minimum or subminimum wage jobs.
0.25;Gov. Scott Walker bought 80 new brand-new vehicles for the state that we probably dont need.
0.5;Says he passed eight measures including ones to prevent groping at airport security checks and to bar sanctuary cities in Texas.
0;Its gotten to a point where the average federal worker makes twice as much as the average private sector worker.
0;These 15 political appointees on the IPAB will make all the major health care decisions for over 300 million Americans.
0.25;Says stores will be barred from selling 100-watt light bulbs as of 2012.
1;Before our last three presidents you have to go back to the 1800s early 1800s to find three presidents in a row being consecutively re-elected.
0.25;Jason Carter supports using Georgia tax dollars to promote Obamacare
0.75;The most recent Associated Press poll has Nader-Gonzalez at 6 percent without any national coverage against McCain and Obama.
0.5;Dan Patrick said that if women get paid less than a man for the same job that thats not a problem.
0.5;Weve got an average of 5600 soldiers committing suicide. Thats about 20 a day.
0.25;There have even been Republican congressmen who have said If you give us more money we dont know where we would even put additional Border Patrol agents.
1;Today for the first time in fifteen years Master Locks unionized plant in Milwaukee is running at full capacity.
1;Tom Reed has actually voted for every single trade deal that has ever come before him in any form.
0;ISIS camp a few miles from Texas Mexican authorities confirm.
0;New federal projections estimate that the health care overhaul will cost $1.76 trillion over 10 years -- well above the $940 billion Democrats originally claimed.
0;Say New Jersey Reps. Donald Payne and Frank Pallone are socialists who are openly serving in the U.S. Congress.
0;The unemployment rate may be as high as 42 percent.
0.75;Common Core is not from the federal government they do not have their fingerprints on this thing at all.
0;Social Security is indeed a Ponzi scheme.
0.25;Says Scott Walker brags a lot about having an independent agency investigate police shootings. Of course he didnt fund it.
0.75;What the Arizona law does is make a state crime out of something that already is... a federal crime.
0;When the country was founded Congress had exactly the same attitude about the sanctity of Christmas celebrations that a 7-Eleven does today: Yeah were open.
0.75;In Miami-Dade County we spend at our school system over $20 million every year educating recent immigrants.
0;The omnibus bill has only $3.8 billion in earmarks.
1;Trump proposed enacting the largest tax increase in American history.
1;Senator McCain has been talking tough about earmarks and thats good but earmarks account for about $18-billion of our budget.
0.5;Kim Myers voted repeatedly to raise taxes on the people of Broome County but made millions off of tax savings when her family business relocated its headquarters.
0.5;Californias Prop 60 which would requirecondom usein adult films would put workers in the adult film industry at riskfor lawsuits and harassment.
1;We pay among the highest tolls in the nation for the privilege of crossing that bridge.
0.5;Sens. Isaksons Chambliss Votes Against Unemployment Insurance Were Votes to Kill Nearly 6000 Georgia Jobs.
0.25;Says real estate taxes were put in place to pay for Obamacare.
0.5;Says today unemployment has been running near 12 percent or more for the last four years and the Legislature hasnt done much to lower it.
0;Says Kay Bailey Hutchison voted for sanctuary cities.
0.5;John Mica voted to borrow $10 trillion.
0.25;Says opponent Mary Burke told reporters she would have required workers to give up bargained-for healthcare and retirement benefits like Gov. Walker.
1;McCain hired some of the biggest lobbyists in Washington to run his campaign.
0.25;We do not want to raise anybodys tax rates. Thats never been on the table.
0.5;When terrorists killed more than 250 Americans in Lebanon under Ronald Reagan the Democrats didnt make that a partisan issue.
0.75;This is the first time a party has picked up multiple seats during a regular election since the mid 1980s making this the largest majority of any party in more than 25 years.
0;John wasnt this raging populist four years ago when he ran for president.
1;House Republicans who complained they didnt have enough time to consider a constitutional ban against oil drilling shoved through a proposal in just a few days to open state waters to oil drilling.
0;Says no one from the Bush family attended the 2012 Republican National Convention and there was no President Bush at the 2008 convention.
0;Crime is rising.
0.75;Flint Mich. is paying three times more for poison water than I am paying in Burlington Vt. for clean water.
0.25;Weve got a personal tax system thats so complicated it costs Americans about $500 billion a year to comply with the current tax code.
0;Says a Portland school gives Muslim students their own school provided prayer room prayer rugs and lets them out of class five times a day to pray to Allah.
0;Texas Republicans believe in abolishing Social Security abolishing V.A. health care.
0.5;The bulk of the people who are shot with a weapon other than these drug gangs taking on one another end up being shot with their own weapon.
0;In the case of General Motors the Bush administration wrote a check without asking for any conditions of change.
0.5;Salaries for URI faculty are second to last among New England land grant universities and in lowest 20 percent of major U.S. research institutions
0.25;Says Miami Congressman Carlos Curbelo supports drilling offshore and repeatedly voted against President Obamas ability to fight pollution and combat climate change.
0;When President then candidate Obama was asked to disclose some of his donors because there was suspicion of their being the foreign source of money into his campaign they refused to do it.
0;Oregon is the only state out of the 50 states in the USA that continues to pay 100% of the medical benefits for its employees and their families.
0;You wonder why you dont see Rand Paul as much
0.5;Says Donald Trump cashed in on Sept. 11collecting $150000 in federal funds intended to help small businesses recover even though days after the attack Trump said his properties were not affected.
0.25;Three years ago a newly elected President Obama told America that if Congress approved his plan to borrow nearly a trillion dollars he would hold unemployment below 8 percent.
0;An independent payment advisory board created by in the health care reform law is like a Medicare IRS with the power to cut Medicare in order to pay for new government programs.
0;The Mitchell Park Domes lose about $1 million-plus every year and the number of people going to the Domes has been going down.
0;Under a bill before the legislature youd have to go to court to fire an employee.
1;There is little if any evidence that the use of red light cameras in New Jersey has reduced the number or severity of accidents at the intersections where they are used.
0.75;In the entire public school system in Camden last year only three students graduated college ready.
1;Says nearly 29000 Oregonians almost 5 percent of all homeowners are 90 days or more delinquent on their mortgage.
0;Under the Hate Crimes bill any pastor preacher priest rabbi or imam who gives a sermon out of their moral traditions about sexual practices could be found guilty of a federal crime.
0.25;This is what President Obama said the jobless rate would be if we passed the stimulus: 5.6 percent.
0.5;George Allen and his colleagues in the Senate turned the biggest surplus in the history of the United States into the biggest deficit in the history of the United States.
0.5;Says President Obama has cracked down on employers who are attracting undocumented immigrants and hiring them more than any previous president.
0.75;Says Newt Gingrich made an affirmative statement that he would not only support but he would campaign for Republicans who were in support of the barbaric procedure known as partial-birth abortion.
0.25;U.S. global AIDS spending helped reduce political instability and violence by 40 percent in recipient nations.
0.5;I told the Congress thanks but no thanks on that Bridge to Nowhere.
0.75;The actual construction contracts that weve awarded to date have come in several hundred million dollars below estimates.
1;State school funding per pupil is down 16 percent compared to 2009 after adjusting for inflation.
0.5;Unemployment has fallen from 10 percent during the presidents first year in office to 8.5 percent today.
