﻿0;Says the Annies List political group supports third-trimester abortions on demand.
0.5;When did the decline of coal start? It started when natural gas took off that started to begin in President George W. Bushs administration.
0.75;Hillary Clinton agrees with John McCain by voting to give George Bush the benefit of the doubt on Iran.
0;Health care reform legislation is likely to mandate free sex change surgeries.
0.5;The economic turnaround started at the end of my term.
1;The Chicago Bears have had more starting quarterbacks in the last 10 years than the total number of tenured UW faculty fired during the last two decades.
0.25;Jim Dunnam has not lived in the district he represents for years now.
0.5;Im the only person on this stage who has worked actively just last year passing along with Russ Feingold some of the toughest ethics reform since Watergate.
0.5;However it took $19.5 million in Oregon Lottery funds for the Port of Newport to eventually land the new NOAA Marine Operations Center-Pacific.
0.75;Says GOP primary opponents Glenn Grothman and Joe Leibham cast a compromise vote that cost $788 million in higher electricity costs.
0.75;For the first time in history the share of the national popular vote margin is smaller than the Latino vote margin.
0.5;Since 2000 nearly 12 million Americans have slipped out of the middle class and into poverty.
0;When Mitt Romney was governor of Massachusetts we didnt just slow the rate of growth of our government we actually cut it.
0.75;The economy bled $24 billion due to the government shutdown.
0.25;Most of the Affordable Care Act has already in some sense been waived or otherwise suspended.
0.5;In this last election in November ... 63 percent of the American people chose not to vote ... 80 percent of young people and 75 percent of low-income workers chose not to vote.
1;McCain opposed a requirement that the government buy American-made motorcycles. And he said all buy-American provisions were quote disgraceful. 
0.25;U.S. Rep. Ron Kind D-Wis. and his fellow Democrats went on a spending spree and now their credit card is maxed out
0.5;Water rates in Manila Philippines were raised up to 845 percent when a subsidiary of the World Bank became a partial owner.
0.75;Almost 100000 people left Puerto Rico last year.
0;Women and men both are making less when you adjust for inflation than when John Kitzhaber was first elected governor.
0.75;The United States has the highest corporate tax rate in the free world.
0.75;We just had the best year for the auto industry in America in history.
0.5;Says Scott Walker favors cutting up to 350000 families and children off health care.
0.25;Says Mitt Romney wants to get rid of Planned Parenthood.
0;I dont know who Jonathan Gruber is.
0.75;Hate crimes against American Muslims and mosques have tripled after Paris and San Bernardino.
0.5;Rick Perry has never lost an election and remains the only person to have won the Texas governorship three times in landslide elections.
0;ISIS supporter tweeted at 10:34 a.m. Shooting began at 10:45 a.m. in Chattanooga Tenn.
0.75;Youth unemployment in minority communities is about 40 to 45 percent.
1;Says Paul Ryan is still endorsing Trump.
0.25;If you look at states that are right to work they constantly do not have budget deficits and they have very good business climates.
0;What the Obama administration is going to come out with in the next several months is youre not even going to be able to burn coal very limitedly in the existing plants.
0.75;We cut business taxes so today 70 percent of our businesses dont pay a business tax.
0.75;Says Mark Pryor votes with Obama 93 percent of the time.
1;We have a federal government that thinks they have the authority to regulate our toilet seats.
1;Austin is a city that has basically doubled in size every 25 years or so since it was founded.
1;The nuclear test conducted in our nation this time is the Earths 2054th nuclear test. The five permanent members of the U.N. Security Council have conducted 99.99 percent of the total nuclear tests.
0;In the case of a catastrophic event the Atlanta-area offices of the Centers for Disease Control and Prevention will self-destruct.
1;Under President George W. Bush we added $4.9 trillion to the debt. Under President Obama weve added $6.5 trillion to the debt.
0;Says a U.S. Supreme Court justice suggested that some U.S. cases will be decided based on South African law.
0.5;Says Marco Rubio skipped 18 defense votes including one to arm the Kurds to fight ISIS.
0;Rep. David Cicilline is responsible for the federal loan guarantee to Solyndra the failed solar company
0;Says Ohio budget item later signed into law by Gov. John Kasich requires women seeking an abortion to undergo a mandatory vaginal probe.
0;We have a director of homeland security who cannot use and will not use the term terrorist attack but instead substitutes man-made disaster. 
0.5;African-American youth unemployment is 51 percent. Hispanic youth unemployment is 36 percent.
0;Obamacare will provide insurance to all non-U.S. residents even if they are here illegally.
0;President Barack Obama took exactly none of his own deficit reduction commissions ideas. Not one.
0;It was under Barack Obama and Hillary Clinton that changed the rules of engagement that probably cost Capt. Humayun Khans life.
1;Hillary Clinton in 2005 co-sponsored legislation that would jail flag burners.
0.25;Says the paperback edition of Mitt Romneys book deleted line that Massachusetts individual mandate should be the model for the country
0.25;Maggie Hassan raised tuition making it the highest in America.
0;Says Terry McAuliffe is the person who invented the scheme to rent out the Lincoln Bedroom.
1;We created 800000 new jobs we cut the unemployment rate almost in half and today New York State has more private sector jobs than it has ever had in its history
0.25;We have towns in West Texas that are out of water that are having to truck in water.
0.5;In Georgia women earn 82 cents for every dollar earned by men.
0.5;A federal system that verifies employees are authorized to work in the U.S. is inaccurate anywhere from 50 percent all the way up to in excess of 80 percent of the time.
0.25;They were going to build the wall a while ago not so long ago like in 06. And they couldnt get environmental impact statements.
0;Sen. Obamas campaign announced that hes choosing his cabinet.
0.75;In 2008 only 54 percent of Latinos in Texas were registered to vote and only 35 percent actually turned out.
0;Only 2 percent of public high schools in the country offer PE classes.
0.75;Said hes the only Republican candidate whos actually turned around a government economy.
1;On military recruiters at Harvard Elena Kagan took a position and the Supreme Court ruled unanimously that she was wrong.
0.75;There are 321092 public school teachers in Texas. And there are 313850 non-teachers in our public schools.
0;Under Mayor Cicilline [Providence] was a sanctuary city.
0;Transgender individuals in the U.S. have a 1-in-12 chance of being murdered.
1;At Bain Capital we helped start an early childhood learning company called Bright Horizons that First Lady Michelle Obama rightly praised.
0;Says the man who rushed the stage at him in Dayton Ohio had chatter about ISIS or with ISIS in his social media posts.
0.25;U.S. Rep. Phil Gingrey gave the government the power to electronically spy on Americans without a warrant.
0.25;Alex Sink funneled three quarters of a million dollars in no-bid contracts to Bank of America.
1;If you take the population growth here in Virginia we are net zero on job creation since Bob McDonnell became governor.
0.25;Under Obama home values in Florida collapsed construction jobs were lost and the state had a high foreclosure rate.
0.75;The new Arizona immigration law says that any police officer can stop anyone who appears to them to be reasonably suspicious of being an undocumented person.
0.75;The only time in our history when the debt has been higher than this was the end of World War II.
0.75;The cost of health care is now the single-biggest factor driving down the federal budget deficit.
1;During the recession the consumer in his native perversity has begun to save. The savings rate is now 6.2 percent.
0;On whether a U.S. Supreme Court nominee should be forthcoming at confirmation hearings.
0.25;Says one out of three U.S. homeless men is a veteran.
0;Says Charlie Crist supports cuts to the Medicare Advantage program.
0.5;I think it is unacceptable for the Chinese today to be larger in wind power and in solar panels and photovoltaic manufacturing than all of Europe put together -- forget the United States.
1;Says Scott Brown co-sponsored legislation to let employers deny women coverage for birth control.
0.5;At some point in their lives 99% of women use birth control.
0;In the past 20 years Egypt has made great strides in political and democratic reform.
0;The amount of attention paid this week to Chris Christie makes the coverage of Benghazi ... pale in significance.
1;Says U.S. Rep. Steve Southerland voted to keep the shutdown going.
0.5;In Rick Perrys Texas we import nurses ... from other countries.
0.75;There is a federal criminal law that says its a crime to transport dentures across state lines.
0.75;We built a new prison every 10 days between 1990 and 2005 to keep up with our mass incarceration explosion of nonviolent offenders.
0.25;Sen. McCains tax plan provides virtually nothing to the middle class.
0;Austin is burdened by the fastest-growing tax increases of any major city in the nation.
0;Phoenix Arizona is the No. 2 kidnapping capital of the world.
1;I belong to the AFL-CIO.
0.75;The insurance commissioner cant do squat about health care.
0.5;Says a poll found him the only Republican candidate who could beat Barack Obama in Texas -- and by eight points.
0.25;President Ronald Reagan sent troops into conflict only in one circumstance which was in Grenada We were in a peacekeeping setting in Lebanon.
0.25;Says David Jolly supports privatizing Social Security.
1;Did you know US population growth is at its lowest since the Great Depression?
0.75;The average student in Florida what they actually pay out of pocket at our major universities for tuition is as much or less than what they spend on cellphones.
1;Since 1968 more Americans have died from gunfire than died in all the wars of this countrys history.
0.75;A foreclosure tax that would take effect in 2013 could mean a high tax bill for those facing foreclosure and millions of families who modified their mortgage or had a short sale through their lender.
0;The Florida Department of Agricultures website FreshFromFlorida.com can be used to get a permit to carry a loaded hidden gun without ever leaving your house.
0;The Atlanta streetcar is expected to create 930 jobs during construction totaling more than 5600 jobs over the next 20 years.
0.75;Raising the minimum wage to $10.10 an hour would help lift over a million Americans out of poverty.
0.75;Says Secretary of State John Kerry when he was a senator flew to Managua and met with a communist dictator there Daniel Ortega and accused the Reagan administration of engaging in terrorism.
0;NATO is opening up a major terror division. ... Im sure Im not going to get credit for it but that was largely because of what I was saying and my criticism of NATO.
1;Sen. Obama has always had a 100 percent prochoice rating.
0.5;Since Gina Raimondo took office investment fees on the states pension portfolio have gone up from about $12 million annually to about $50 million.
1;The federal debt is growing by more than $4 billion a day.
0.5;Under President Barack Obamas jobs bill states would no longer have to lay off teachers firefighters and police officers.
0;Of our 98000 teachers who are K-12 over 53000 of those teachers today are over 50 years old.
0.75;Two-thirds of Wisconsinites receiving unemployment checks are not required to search for work due to current work search exemptions.
0.5;Under President Obamas health-care reforms the premium for an average plan for a family didnt go down by $2500 per year its gone up about $2500 per year.
0.5;The IRS also investigated liberal groups groups that had progressive in their name. ... The IRS was basically looking at everybody.
0.25;Says Obama promised unemployment would never go above 8 percent.
1;The economy is creating jobs at the fastest pace since 1999.
0.75;President Obama decided not to meet with Prime Minister Benjamin Netanyahu in New York.
0.75;In a majority of states you can now marry freely but can still be fired for who you love.
0;Say Oregon Reps. Peter DeFazio and Earl Blumenauer are socialists who are openly serving in the U.S. Congress.
0;Rudy Giuliani is probably the most underqualified man since George Bush to seek the presidency.
0;About half of the presidents have been governors
0.75;After Britains vote to leave the European Union within 24 hours Americans lost $100 billion from our 401ks.
0.75;Medicaid spending declined by 1.9 percent in 2012 the second such decline in 47 years.
1;Says 88 Texas constables have died in the line of duty.
0.75;Gov. Rick Scott cut the cost of prepaid college tuition by nearly $20000.
0.75;The city of Columbus would save $41 million a year if employees had to contribute to their own guaranteed-check pensions.
1;As Floridas CFO I shut down Krakows scam and refunded more than $1.2 million to Josephine and other victims of this con man.
0.75;You had more women getting computer sciences degrees in the 80s by a factor of 2-plus than you do now.
0;The Air Force wants taxpayers to fund a fantasy football league.
0;Barack Hussein Obama will ... force courts to accept Islamic Sharia law in domestic disputes.
0.5;About 3 percent of murders and crimes are committed with guns from people who actually legally purchase those guns.
0.75;Some neighborhood schools are closing.
0.75;He told gay organizers in Massachusetts he would be a stronger advocate for special rights than even Ted Kennedy.
0.75;The years that I was speaker the Florida House consistently offered leaner budgets than the governor offered.
0.25;We are already almost halfway to our 2010 goal of creating 700000 new jobs in seven years.
1;Says the U.S. Supreme Court found that Social Security is not guaranteed.
0;SaysMichael Bennet wants to close Guantanamo Bay prisonand bring terrorists right here to Colorado.
1;Oregonians have an amazing no-cost way to fight abortion with free political donations
0;The president said hes going to bring in 250000 Syrian and Iraqi refugees into this country.
0.25;Research shows that a vast majority of arriving immigrants today come here because they believe that government is the source of prosperity and thats what they support.
0.75;Newt Gingrichs immigration plan offers a new doorway to amnesty.
0;Mr. Caprio is a career politician who has never worked in the private sector.
0.25;In Rhode Island 9 percent of workers use the states temporary disability insurance program each year while in New Jersey the rate is only 3 percent.
0.75;In just 17 years spending for Social Security federal health care and interest on the debt will exceed ALL tax revenue!
0.75;President Obama took more money from Wall Street in the 2008 campaign than anybody ever had.
0.5;Donald Trump has said nuclear proliferation is OK.
1;Hillary Clinton has taken over $800000 from lobbyists.
0;Barack Obama has never even worked in business.
0.5;Says the Arizona immigration law expressly bans racial profiling.
0;Says Gov. Rick Perry has been begging for the federal government to send the Coast Guard to patrol two lakes on the U.S.-Mexico border.
0.25;On the VA: Over 300000 veterans have died waiting for care.
0.75;Were now spending 42 percent of our economy on government.
0.25;Rob Cornilles supports privatizing Medicare.
0;In 2005 Dan Branch tried to expand third-trimester abortions in Texas.
0.5;We Democrats have made steady progress creating jobs and improving our schools.
0;Michigan and Massachusetts raised their bottle deposit and could no longer afford the program because the redemptions were so high there was no profit in there.
1;Whether you like to admit it or not half our general revenue goes to education.
0;Im the only one whos fought against developers draining the Everglades!
0.5;Says Ron Johnson calls Social Security a Ponzi scheme and wants to privatize the program.
0.5;There are 31 other states and 10000 other cities that have the same type of policies that we just passed referring to North Carolinas House Bill 2.
0.25;Climate change is directly related to the growth of terrorism.
0.25;The jobs bill includes President Obamas tax on soup kitchens
0.25;Says the Obama administration spent taxpayer dollars on electric cars in Finland and windmills in China.
0.5;While Sarah was Mayor of Wasilla she tried to fire our highly respected City Librarian because the Librarian refused to consider removing from the library some books that Sarah wanted removed.
0.5;If Milwaukee approves reducing its maximum forfeiture for marijuana possession to $50 the city would have 23 different bicycle violations that have a higher forfeiture.
0;We have more illegal immigrants here than we did five years ago.
0.25;Says Rick Perry wrote a letter supporting Hillarycare.
0;The U.S. Patent and Trademark Office received zero complaints about the Washington Redskins name.
0;The presidents health care proposals will cause most Americans to have their premiums increased not decreased and hundreds of millions of people lose their current insurance coverage.
0.75;Mexican immigrants are more law-abiding than U.S. citizens and that is a statistic.
0.5;Says Chris Christie vetoed a jobs package of 30 bills.
1;There are already more American jobs in the solar industry than in coal mining.
0.5;Says Illinois gubernatorial candidate Bill Bradys first priority after winning the primary was to sponsor a bill that would mass-euthanize sheltered dogs and cats in gas chambers.
0.5;Barack Obama is in an economy thats only worsened since hes been president of the United States.
0.75;Romney failed to take action against sanctuary cities in Massachusetts.
0.5;Says New Jersey is down nearly 200000 jobs from its pre-recession peak and with Gov. Chris Christie New Jersey has trailed the rest of America when it comes to unemployment for 12 consecutive months.
0;Says Thomas Eric Duncan came into the United States with an elevated temperature.
0.75;We have been in Afghanistan longer now than we have been in any foreign land conducting a war in our nations history.
0.5;Gas prices have gone up $2 since Obama took office.
1;Webster sponsored a bill to create a form of marriage that would trap women in abusive relationships.
1;Says judges get better benefits at a lower cost than everybody else in the state.
1;There are a lot of casinos across the country that have gone bankrupt.
1;Small businesses create 70 percent of the jobs in America.
0.5;Seniors with coverage under Medicare Advantage will give up more than their share because of health care reform
0.5;Over 12000 school kids were arrested in Florida. It makes Florida the nations leader in that area.
0.75;If Texas were a country our economy would rank # 10...in the WORLD.
0;There are more oil rigs in operation in the United States than the rest of the world combined.
0.5;Payday lenders profit from the poor by charging 1000-plus percent interest.
0.5;The Social Security trust fund is sound. Without anything being done it would function well into 2038
0.75;It is a commitment voters take very seriously: The only incumbent in Ohio to break his Pledge and vote for Ted Stricklands income tax hike was defeated soundly on Tuesday.
0;The Obama administration shut down the Amber Alert program because of the government shutdown.
0.75;The Republicans have 2 percent of the Muslim vote.
0.75;[W]e see Americas prison population exploding with America having a greater percentage of its people behind bars than any other nation in the world!
0;Says that in a hearing Rep. Gabrielle Giffords suggested to Gen. David Petraeus that the Army put more emphasis on less environmentally damaging methods like stabbing or clubbing enemy forces in order to minimize the carbon output.
0.5;Every single one of the 41 Republican senators who just blocked a raise in the minimum wage will receive a $2800 cost-of-living adjustment on January 1 2015.
1;In Texas the No. 1 name for new male babies many of whom will vote one day is Jose.
0.75;Marco Rubio voted against authorizing President Obama to strike Syria after Assad used chemical weapons on his own people.
0;Under the Cash for Clunkers program all weve got to do is ... go to a local junkyard all youve got to do is tow it to your house. And youre going to get $4500.
0;Not one Republican has the guts to recognize that climate change is real.
0.5;While our people work longer hours for lower wages almost all new income goes to the top 1 percent.
0;David Dewhurst has a record of promoting an income tax.
0.25;The Supreme Court cant overrule the other two branchesof government.
0;Roughly 25% of RI has a criminal record
0.5;Nathan Deal cut the HOPE scholarship program so that literally 100000 Georgians will not be able to go to college or get technical training that they so badly needed to raise -- you know give them a chance at a good job.
0.5;As governor of Arkansas I cut taxes and fees almost 100 times saving the taxpayers almost $380-million. I left a surplus of nearly $850-million.
0.5;I havent raised taxes in the time Ive been the governor of New Jersey.
0;Massachusetts public schools teach kids as young as kindergartners about gay marriage.
0;Im probably one of the four or five best-known Americans in the world.
0.25;We are accepting more legal immigrants than we ever have in the history of the United States.
1;Congress is bewildered at the scope and reach of our spying apparatus but in 2008 and 2012 explicitly rejected an amendment calling for more disclosure.
0.5;Six people in Florida die as a result of not expanding Medicaid every day.
0.75;Gov. Maggie Hassans budget proposal raises taxes on small businesses and increases taxes and fees by $100 million.
0.25;Only in Washington would politicians spend $27 million to teach Moroccans how to make pottery.
1;Hillary Clinton starts off with 47 percent of the country against her.
0;SaysRand Paulhas put out budgets to cut the military in half.
0.5;Groups that receive foreign money are spending huge sums to influence American elections.
1;Says legislative cuts mean Texas is spending on average $500 less per student.
0.5;[A]t his current rate President Obama will have added more debt to the United State of America by the end of his first term than each of the previous 43 presidents -- combined!
0.5;We know that Saudi Arabia started al-Qaida.
0.75;Says Williamson County Attorney Jana Duty has never prosecuted a single adult felony case.
0;The fundraising numbers are in and our grassroots support is unmatched!
0.75;Issue 2 makes it illegal for us to negotiate for enough firefighters to do the job.
0.75;Says although the unemployment rate seems to be improving it does not reflect real job creation -- its caused by a shrinking of the actual labor force.
0;Gov. Scott Walker hired convicted Assembly Speaker Scott Jensen to oversee a raid on the state employee retirement system to help balance the state budget.
0.25;Obama voted to cut off funding for our American troops on the battlefield.
0.75;In general it appears Wisconsins right to work bill would likely apply to the Green Bay Packers players and their union.
0.75;The so-called defense minister of the Peoples Republic of Donetsk ... actually posted a bragging social media posting of having shot down a military transport. And then when it became apparent it was civilian they pulled it down from social media.
0.5;Democrats are kind of falling over each other seeing who can raise taxes faster. It looks like theyre going to raise taxes anywhere between 20 to 30 percent.
0.75;Right now one of our highest job growth sectors is Leisure and Hospitality. Weve added jobs that mostly fall within the restaurant and bar sector industry. These are not high-paying jobs as the U.S. Department of Labor estimates this is an industry sector with the lowest average wages and the lowest proportion of its workforce earning minimum or subminimum wage jobs.
0.25;Gov. Scott Walker bought 80 new brand-new vehicles for the state that we probably dont need.
0.5;Says he passed eight measures including ones to prevent groping at airport security checks and to bar sanctuary cities in Texas.
0;Its gotten to a point where the average federal worker makes twice as much as the average private sector worker.
0;These 15 political appointees on the IPAB will make all the major health care decisions for over 300 million Americans.
0.25;Says stores will be barred from selling 100-watt light bulbs as of 2012.
1;Before our last three presidents you have to go back to the 1800s early 1800s to find three presidents in a row being consecutively re-elected.
0.25;Jason Carter supports using Georgia tax dollars to promote Obamacare
0.75;The most recent Associated Press poll has Nader-Gonzalez at 6 percent without any national coverage against McCain and Obama.
0.5;Dan Patrick said that if women get paid less than a man for the same job that thats not a problem.
0.5;Weve got an average of 5600 soldiers committing suicide. Thats about 20 a day.
0.25;There have even been Republican congressmen who have said If you give us more money we dont know where we would even put additional Border Patrol agents.
1;Today for the first time in fifteen years Master Locks unionized plant in Milwaukee is running at full capacity.
1;Tom Reed has actually voted for every single trade deal that has ever come before him in any form.
0;ISIS camp a few miles from Texas Mexican authorities confirm.
0;New federal projections estimate that the health care overhaul will cost $1.76 trillion over 10 years -- well above the $940 billion Democrats originally claimed.
0;Say New Jersey Reps. Donald Payne and Frank Pallone are socialists who are openly serving in the U.S. Congress.
0;The unemployment rate may be as high as 42 percent.
0.75;Common Core is not from the federal government they do not have their fingerprints on this thing at all.
0;Social Security is indeed a Ponzi scheme.
0.25;Says Scott Walker brags a lot about having an independent agency investigate police shootings. Of course he didnt fund it.
0.75;What the Arizona law does is make a state crime out of something that already is... a federal crime.
0;When the country was founded Congress had exactly the same attitude about the sanctity of Christmas celebrations that a 7-Eleven does today: Yeah were open.
0.75;In Miami-Dade County we spend at our school system over $20 million every year educating recent immigrants.
0;The omnibus bill has only $3.8 billion in earmarks.
1;Trump proposed enacting the largest tax increase in American history.
1;Senator McCain has been talking tough about earmarks and thats good but earmarks account for about $18-billion of our budget.
0.5;Kim Myers voted repeatedly to raise taxes on the people of Broome County but made millions off of tax savings when her family business relocated its headquarters.
0.5;Californias Prop 60 which would requirecondom usein adult films would put workers in the adult film industry at riskfor lawsuits and harassment.
1;We pay among the highest tolls in the nation for the privilege of crossing that bridge.
0.5;Sens. Isaksons Chambliss Votes Against Unemployment Insurance Were Votes to Kill Nearly 6000 Georgia Jobs.
0.25;Says real estate taxes were put in place to pay for Obamacare.
0.5;Says today unemployment has been running near 12 percent or more for the last four years and the Legislature hasnt done much to lower it.
0;Says Kay Bailey Hutchison voted for sanctuary cities.
0.5;John Mica voted to borrow $10 trillion.
0.25;Says opponent Mary Burke told reporters she would have required workers to give up bargained-for healthcare and retirement benefits like Gov. Walker.
1;McCain hired some of the biggest lobbyists in Washington to run his campaign.
0.25;We do not want to raise anybodys tax rates. Thats never been on the table.
0.5;When terrorists killed more than 250 Americans in Lebanon under Ronald Reagan the Democrats didnt make that a partisan issue.
0.75;This is the first time a party has picked up multiple seats during a regular election since the mid 1980s making this the largest majority of any party in more than 25 years.
0;John wasnt this raging populist four years ago when he ran for president.
1;House Republicans who complained they didnt have enough time to consider a constitutional ban against oil drilling shoved through a proposal in just a few days to open state waters to oil drilling.
0;Says no one from the Bush family attended the 2012 Republican National Convention and there was no President Bush at the 2008 convention.
0;Crime is rising.
0.75;Flint Mich. is paying three times more for poison water than I am paying in Burlington Vt. for clean water.
0.25;Weve got a personal tax system thats so complicated it costs Americans about $500 billion a year to comply with the current tax code.
0;Says a Portland school gives Muslim students their own school provided prayer room prayer rugs and lets them out of class five times a day to pray to Allah.
0;Texas Republicans believe in abolishing Social Security abolishing V.A. health care.
0.5;The bulk of the people who are shot with a weapon other than these drug gangs taking on one another end up being shot with their own weapon.
0;In the case of General Motors the Bush administration wrote a check without asking for any conditions of change.
0.5;Salaries for URI faculty are second to last among New England land grant universities and in lowest 20 percent of major U.S. research institutions
0.25;Says Miami Congressman Carlos Curbelo supports drilling offshore and repeatedly voted against President Obamas ability to fight pollution and combat climate change.
0;When President then candidate Obama was asked to disclose some of his donors because there was suspicion of their being the foreign source of money into his campaign they refused to do it.
0;Oregon is the only state out of the 50 states in the USA that continues to pay 100% of the medical benefits for its employees and their families.
0;You wonder why you dont see Rand Paul as much
0.5;Says Donald Trump cashed in on Sept. 11collecting $150000 in federal funds intended to help small businesses recover even though days after the attack Trump said his properties were not affected.
0.25;Three years ago a newly elected President Obama told America that if Congress approved his plan to borrow nearly a trillion dollars he would hold unemployment below 8 percent.
0;An independent payment advisory board created by in the health care reform law is like a Medicare IRS with the power to cut Medicare in order to pay for new government programs.
0;The Mitchell Park Domes lose about $1 million-plus every year and the number of people going to the Domes has been going down.
0;Under a bill before the legislature youd have to go to court to fire an employee.
1;There is little if any evidence that the use of red light cameras in New Jersey has reduced the number or severity of accidents at the intersections where they are used.
0.75;In the entire public school system in Camden last year only three students graduated college ready.
1;Says nearly 29000 Oregonians almost 5 percent of all homeowners are 90 days or more delinquent on their mortgage.
0;Under the Hate Crimes bill any pastor preacher priest rabbi or imam who gives a sermon out of their moral traditions about sexual practices could be found guilty of a federal crime.
0.25;This is what President Obama said the jobless rate would be if we passed the stimulus: 5.6 percent.
0.5;George Allen and his colleagues in the Senate turned the biggest surplus in the history of the United States into the biggest deficit in the history of the United States.
0.5;Says President Obama has cracked down on employers who are attracting undocumented immigrants and hiring them more than any previous president.
0.75;Says Newt Gingrich made an affirmative statement that he would not only support but he would campaign for Republicans who were in support of the barbaric procedure known as partial-birth abortion.
0.25;U.S. global AIDS spending helped reduce political instability and violence by 40 percent in recipient nations.
0.5;I told the Congress thanks but no thanks on that Bridge to Nowhere.
0.75;The actual construction contracts that weve awarded to date have come in several hundred million dollars below estimates.
1;State school funding per pupil is down 16 percent compared to 2009 after adjusting for inflation.
0.5;Unemployment has fallen from 10 percent during the presidents first year in office to 8.5 percent today.
0.5;American voters remain steadfast in their support for immigration reform with a path to citizenship with more than 70 percent who want to see reform passed this year.
0;There were more people on welfare than working in 2013.
0.25;Says Tammy Baldwin introduced a bill that would require doctors and other health care workers to ask patients including young children whether they are gay lesbian bisexual or if they know their gender identity.
1;Says State Rep. Kristi Thibaut was an ACORN lobbyist.
0.5;Atlanta is the No. 1 trading point for sexual slavery in America. Between 100 and 200 girls are sold into slavery in Atlanta every month.
0.5;According to a national survey transit ridership among people age 16 to 34 increased 40 percent between 2001 and 2009.
1;In fiscal year 2011-2012 4191 abortions were paid for by taxpayers via the Oregon Health Plan.
0;Any legislative action that is taken now could very well be rendered completely null and void by the decision of the Supreme Court expected this June.
0.5;Im the only Republicancandidate that has actually reduced the size of government.
0;After how hard you work and how much you pay in taxes New York City ends up getting the money. Im Chris Jacobs. I think its time we have someone in Albany thats making sure our region gets our fair share
0.75;Amazing fact: Senate has already voted on more amendments in 2015 than Reid allowed ALL YEAR last year.
0.75;Says state Supreme Court candidate Joe Donald twice supported incumbent Justice Rebecca Bradley.
0.75;One out of every four students fails to earn a high school diploma. In our major cities across America half of our kids dont graduate.
0.25;There were 36 states where Republicans who were in charge refused to implement a state health insurance exchange.
0;Says a tweet he sent out wasnt saying check out a sex tape. It was just take a look at the background of Alicia Machado.
0;Aphotograph of 21-year-old Hillary Clinton featured a Confederate battle flag in the background.
1;Texas leads the nation in the percentage of residents without health insurance.
0;This administration and this Congress have been systematically cutting funding to border security since the Democrats took control.
0;A new college tuition reciprocity agreement with Minnesota makes college education more affordable for Wisconsin residents.
0.5;Says Cory Booker supports late-term and partial-birth abortion and opposes safety regulations.
0;Mitt Romney is the first major party candidate for president of the United States in modern times not to release at least 12 years of tax returns.
0.5;In the month of July alone EU exports to South Korea increased by over 36 percent. A lot of that is our market share. Those are our farmers and our service providers who are suffering.
0.75;Gov. Rick Perry spent over a million dollars on D.C. lobbyists asking for more federal money and lives in a luxury house that costs taxpayers $10000 a month.
0.5;As Virginia lost over 65000 jobs Tim Kaine put partisan ambitions first by serving as DNC chairman during the last year of his governorship.
0.5;The DNC says McCain flip-flopped on whether the Iraq War would be easy.
0.75;Says Ohio law gives tax breaks to rich people who own private jets.
0.5;Says Zack Space voted for budgets and debt energy taxes and the stimulus and we still lost more than 2.5 million jobs.
0;Says Paul Ryans budget plan ends Medicare.
0.5;In every ethics case that has resulted in a formal sanction theres been an investigative subcommittee thats been established first.
1;Says New Hampshire has the third-highest property tax in the country.
1;Obamas tax plan cuts taxes for 95 percent of all working families.
0.25;Says Colorado Democraticcongressional candidate MorganCarroll racked up $11 billion in new spending in the state Legislature.
0;59 percent of Americans today believe that Barack Obama is still a Muslim.
0;Carol Shea-Porter wants to increase taxes on small business and job creators.
0.25;People were hopeless. Sixty percent of the population 70 percent of the population wanted to live somewhere else. . . . By the time I left 70 percent wanted to stay.
1;A bill delaying the start of classes until Labor Day would permit school districts to shave 5 full weeks off the school year.
0;On whether the United States should intervene in Libya.
0.5;99.97 percent of the kids live in poverty that attend Cleveland public schools.
0.5;John Kitzhaber created 128000 new jobs while governor.
0.75;Says Texas ranks 49th nationally in what we are doing to support our per-pupil investment in education in the state.
0.25;Despite keeping distance from national media interviewers I did local press all along the last three months.
0;What we said was you can keep your plan if it hasnt changed since the law passed.
0.75;In 2006 Bernie Sanders voted in the House with hard-line Republicans for indefinite detention for undocumented immigrants and then he sided with those Republicans to stand with vigilantes known as Minutemen who were taking up outposts along the border to hunt down immigrants.
0;Says Florida didnt offer special incentives to Deutsche Bank which announced it will add 300 jobs in Florida.
0;Says she was the first in her family to go to a four-year college.
1;There was a Gallup poll in Egypt last year and 70 percent of Egyptians dont want our money.
1;The truth of the matter is that during my administration the FBIs crime statistics show that violent crime was reduced in Massachusetts by 7 percent.
0;Scott Maddox has run losing campaigns for 3 of Floridas 4 available cabinet positions.
1;Americans spend 6.1 billion hours a year on tax preparation.
0.75;The budget I managed at the Department of Education was more than $60 million.
0;We are now for the first time ever energy independent.
1;Last year Exxon pocketed nearly $4.7 million every hour.
0.5;AARP is the largest reseller of insurance in the country and has a vested interest in seeing that the market for reselling supplemental insurance expands.
0;Medicare monthly premiums will go up to $104.20 in 2012 and $247.00 in 2014 due to provisions incorporated in the Obamacare legislation purposely delayed so as not to confuse the 2012 re-election campaigns.
0.75;Right now 50 percent of Florida students leaving high school cannot read at grade level.
1;Says Republican Sen. John McCain won more votes for president in Cuyahoga County in the 2008 general election than he did in seven states.
0.25;Marco Rubio voted against funding health clinics that provide critical care during this public health emergency Zika.
0.5;Youre in more trouble if you leave your pet in the car than if you leave your child in the car.
0;SaysPeter Kilmartin voted in favor of expanding the good behavior statute to sex offenders.
1;On letting Occupy Atlanta protesters stay in Woodruff Park.
0.5;What I have put forward does not add a penny to the debt.
1;There are more African American men in prison jail on probation or parole than were enslaved in 1850.
0.75;In first week as governor Tim Kaine proposed a nearly $4 billion tax increase $4 billion including a tax increase on people earning as little as $17000 a year.
0.75;On Lee Fishers watch almost nine out of 10 jobs that Ohio lost were lost to other states not to other countries.
0.75;Every president has raised the debt ceiling.
0;Limiting labor negotiations to only wages is how it is for the most part in the private sector.
0.25;Says on contraception his plan is cheaper and easier for you than Sen. Mark Udalls
0.5;The states have always defined marriage.
0;Families in Del Valle who are City of Austin residents have to drive to Bastrop to go to the closest grocery store.
0.5;John McCain opposed legislation to fund levees and flood control programs which he considers pork.
0.5;Mitt Romneys pledged to protect oil companies record profits and their billions in special tax breaks too.
1;Mark Warner voted for nearly $1 trillion in new taxes and $7 trillion in new debt.
0.25;State government spending will be increase 10.7 percent this year.
0.25;Says Democrats first proposed prohibiting the government from negotiating prices for prescription drugs in Medicare Part D and he had nothing to do with that provision in the law.
0.5;The FCCs net neutrality policy includes whatis essentially a massive tax increase.
0.75;The typical white male worker in this country is making in real terms what he was making in 1973 and the average worker is making what they were making in 1996.
0;A United Nations arms treaty would almost certainly force the U.S. to create an international gun registry setting the stage for full-scale gun confiscation.
0.75;More people die from medical misadventures than firearm accidents nationally and in Florida.
0;When we took office let me remind you there was virtually no international pressure on Iran.
0.75;The minimum wage is mostly an entry-level wage for young people.
0.25;Says six studies verify that the math adds up for Mitt Romneys tax plan.
0.5;In the United States weve had 12 years in a row of wages declining.
0.5;Charlie Crist has six different positions on ObamaCare.
0.75;In the last few months alone we have apprehended extremists within our borders who were sent here from the border region of Afghanistan and Pakistan to commit new acts of terror.
1;As governor Ive stood up to ... the big oil companies.
0.75;This year were off to our best private-sector jobs growth since 1999.
0;Says abortion doctors are flying into this state performing abortions and flying out.
0.75;Speaker Gingrich for 20 years supported a federal individual mandate for health insurance.
0.75;There have been at least 100 shootings each year [Angel Taveras] has been mayor of Providence.
1;Maurice Ferre says Kendrick Meek has voted 98.6 percent of the time with the Democrat party.
0.5;Weve created more jobs in the United States than every other advanced economy combined since I came into office.
0.25;One in four inmates is an illegal immigrant.
1;Wisconsin is dead last in income growth among midwestern states during Gov. Scott Walkers term.
0;A three-cents-per-ounce soda tax in Philadelphia would result in the loss of 2000 family-sustaining Teamster Union jobs and countless other jobs in the beverage industry.
0.75;I have had the challenge during this administration to suspend no less than 37 public officials in about 36 months.
0.25;Kendrick Meek was #1 in Florida in taking tobacco cash and then opposed a tax on cigars that would have helped pay for childrens health care.
0.25;Federal Reserve policies have led to a 69 percent rise in corn prices 44 percent rise in wheat prices and 15 percent spike in sugar prices over the last year.
0;On repeal of Wisconsins smoking ban
0.75;Ninety percent of Texans say they do not want the nursing homes to close. It polls higher than anything else.
0.5;For the first time ever we completely funded the critical needs waiting list so persons with unique abilities can get the help they need.
0.5;Paul Ryan got his start in politics as a young staffer just out of college working for then-Congressman John Kasichs Budget Committee.
0.25;Race to the Top grants require participating states to adopt the Common Core standards as a condition for receiving federal funding.
0.5;President Obama in November of last year wiped away a program that allows for shared fingerprinting for those who are behind bars so you know who is here legally and illegally.
1;McCain sought the political support of minister John Hagee who believes Hurricane Katrina was Gods punishment for gay rights and called the Catholic Church the Antichrist and a 0 cult.
1;Says 51 percent of federal tax filers paid zero federal income tax.
0.75;Because of the 2011 debt ceiling fight the stock market lost 2000 points.
0;Since Wisconsin Gov. Scott Walker took office we are losing jobs at rates not seen in decades.
0.25;Says U.S. Senate rival Tammy Baldwin supports a tax increase that President Obama says would cost middle-class families $3000 per year.
1;I would be the first Republican senator elected in New Jersey in 41 years.
1;Wisconsins attorney general and state treasurer ordered the daughter of Earth Day founder Gaylord Nelson not to discuss climate change on state time.
0;Says unions take away hard-earned money of teachers firefighters and police officers to play politics.
0;President Bush never did one interview with the New York Times during his entire presidency.
0.75;14000 Americans . . . lose their health insurance every single day.
0;Mr. Trump is self-financing his campaign so we dont have any donors.
1;Nearly 2000 high schools - roughly 12 percent of all secondary schools in the United States - produce about half of the nations dropouts.
0.25;Embryonic stem cell research is at a dead end with no one good example of a successful treatment.
0.5;The U.S. spends more money on its military than the 16 biggest military budgets in the world combined.
0;Wisconsin has only one county Dane thats hand counting the votes in the 2016 presidential recount.
0.25;Says Libya Ambassador Christopher Stevens sent 600 requests for help in Benghazi.
0.5;The Affordable Care Act is bringing the cost of health care in our country down.
1;Tens of thousands of Atlanta households pay more than 30 percent of their income towards rent.
0.75;Rick Perry had planned to retire from the legislature until his best friend David Weeks and I talked him into switching parties and running for the GOP nomination for agriculture commissioner.
0.75;As the usage [of synthetic marijuana] has dramatically increased instances of violence bodily harm and even death have risen with it.
0.75;Out of 150000 tenured teachers in the last 10 years only 17 have been dismissed for incompetence.
0;The Providence teacher contract is one of the longest in the country.
0.5;In 1929 the Secretary of State shut down a program that was collecting information to protect America because it was unseemly but that move led to millions and millions of deaths in World War II.
0;Look at the debt that has been accumulated in the last two years. Its more debt under this president than all those other presidents combined.
0.5;The Chris Hani Baragwanath in South Africa is the worlds third-biggest hospital.
1;Annual precipitation has increased in Rhode Island by over 12 inches in the last century.
0.5;Says Connie Mack initially said he would have voted yes for the Paul Ryan budget plan and then you said it was stupid and you would vote no. And then your folks corrected you and you changed your position again yes.
1;The state budget proposal has been submitted on time and [its] the earliest that a governor has done so in over two decades.
1;Ohio is not meeting its obligation to update voter registrations when voters change their address with the BMV.
1;Vietnamese is the third most commonly spoken language in Texas.
0;What we have now is the most generous in my opinion good time bill in the entire United States.
0.25;There is no Plan B if the transportation referendum is not passed by voters.
0;Barack Obama wrote a thesis at Columbia University in which he criticized plutocratic thugs and said the Constitution gave Americans the shackles of hypocrisy.
0;Youll find blacks in almost every regiment throughout the South who fought right alongside white Southerners during the Civil War.
0;The most likely triggering cause of microcephaly is the DTaP shot a vaccine that had been recently mandated by the Brazilian government to be injected into pregnant women.
1;Our economy still has three people looking for every job opening.
1;Says she got unions to agree to about $10 million in reduction of salaries and health benefits while serving as Dane County executive in Wisconsin.
1;Democrats have lost more than 900 state legislators since Barack Obama has been president.
0.75;Carly Fiorina shes against banning assault weapons.
0;Hillarys baby bond proposal would give $5000 to each of the 4-million babies born in the U.S. each year totaling $20-billion per year multiplied by four years = $80-billion.
0.5;Says her campaign platform includes the biggest investment in new good-paying jobs since World War II.
0.5;Joe Biden brought Republicans and Democrats together to pass the 1994 crime bill putting 100000 cops on the streets and starting an eight-year drop in crime across the country.
0;If Rhode Island does a hybrid [retirement] plan well be the first state in the nation to do this.
1;Before the terrorist attacks in Benghazi the State Department not only failed to honor repeated requests for additional security but instead actually reduced security in Libya.
1;Failure to raise the debt limit does not force a U.S. default on debt payments.
0;Democrats in the Legislature in 2009 voted for various pork projects including a $5 million scoreboard for the Milwaukee Bucks.
0.5;Says Donald Trump has defended World War II internment camps.
0.75;Bill McCollum holds the same position on embryonic stem cell research as Barack Obama.
0.75;In 1999 the NRA leadership in Washington pretty much the same people intact were for expanded background checks.
0;Turkey is an Arab country.
0.25;Newt Gingrichs presidential campaign has exactly the same challenges as Ronald Reagans successful 1980 bid.
1;The number of people in Atlanta dying from HIV and AIDS declined 59 percent between 2004 and 2012.
0.5;Says Lee Leffingwell raised property taxes 20 percent in three years.
0;Accuses President Barack Obama of making contradictory claims about efforts to kill Osama bin Laden in 2008 and 2011.
0.75;8 years of the Clintons major losses for Democrats across the nation.
0;92 percent of the jobs lost during Barack Obamas first term belonged to women.
0.5;Says President Barack Obama was responsible for the assassination of at least four American citizens in drone strikes.
1;It used to be the policy of the Republican Party to get rid of the Department of Education. We finally get in charge and a chance to do something so we double the size of the Department of Education.
0;We have 395 inmates pushed into triple-bunked cells intended for two inmates and bunked in classrooms and areas supposed to be designated for inmate labor.
0;The ACLU didnt call for an investigation of the Newark police department they called for an immediate federal monitor.
0.25;Says his executive order requiring young girls to be vaccinated against HPV wasnt mandatory.
1;Says a highway was closed in El Paso because of bullets flying across the border.
0;If the House of Representatives fails to extend the middle-class tax cuts 400000 middle-class Rhode Island families will see their federal income taxes increase.
0.75;95 percent of the income gains in the last few years have gone to the top 1 percent.
1;Eight out of the nine states with competitive Senate races Hispanics make up less than 10 percent of the electorate.
0.25;We didnt go out and take information from the Hillary Clinton campaign.
0;If you actually took the number of Muslims [sic] Americans wed be one of the largest Muslim countries in the world.
0.5;On the pace that were on with job creation in the last four months ...we will have created more jobs in this year than in the entire Bush Presidency.
0;Says Nikita Khrushchev brought an extra shoe to a United Nations session in 1960 which he banged on the desk in protest.
0.5;Low-flow toilets can cost homeowners up to $1000 each.
0;Jim Renacci voted repeatedly to end Medicare.
0.75;Sen. Joe Liebermans home state has a public option which covers about 10000 of its citizens that was introduced by its Republican governor.
1;Says this months special session will cost the state $27300 a day just for legislators daily living expenses.
0.75;Wind powers nearly 13 million homes across the country.
0.75;Says businesses pay roughly 60 percent of taxes in Texas.
0.25;Health insurance companies pay CEOs $24 million a year
0.5;Every president since Franklin Delano Roosevelt has had fast-track trade authority.
0.75;Says Donald Trump wants to deport our Dreamers.
0;Says Barack Obama is apparently not for vetting people and saying just anybody can come to the United States.
0.5;The majority of Americans are conservatives.
0.75;Says a lawmaker seeks to defund Planned Parenthood for cutting children into small pieces.
0.5;Obama has racked up more debt than any president in history over $5 trillion.
0.5;Says Arizona congressional candidate Ray Strauss is a Champion of Big Government for his votes to raise taxes while on the local city council.
0.5;Says with Gov. Chris Christie and bipartisan reformers New Jersey had the most job growth in 11 years.
1;Says Oregon is near the top or at the top of the list when it comes to capital gains tax
1;The No. 1 issue that the American people care about is getting America back to work.
0;Says in 1944 we were in debt more than twice as much as we are now.
0.75;Says Ronda Storms voted to fund the Taj Mahal courthouse.
0.75;In France they have a surveillance program a thousandfold more invasive than the United States.
0.5;One-half of undocumented workers pay federal income taxes which means they are paying more federal income taxes than Donald Trump pays.
1;Last week the Blue Chip Economic Indicators came out that surveys lots of private forecasters. Almost all of them are predicting a turnaround in the third quarter and positive growth in the fourth quarter.
0.75;Since the United States began negotiations with Iran thats probably the first year and a half in which Iran has not advanced its nuclear program in the last decade.
0;Says Ohios I-X Center used to be a great plant but thousands of people of worked here and they left when their jobs were moved overseas.
0.5;Weve got a 1000 National Guard troop request thats been in front of this president for over a year and no response.
0;Under a new law doctors performing drug-induced abortions could be charged if women dont return to them for follow-up care
1;Says veterans disability claims backlog doubled in Obamas first term.
0.25;At a minimum 40 percent of those who view child pornography end up molesting children as a result.
0.5;In 67 different ways Governor McCrory has raised taxes on middle income families.
0.75;Romney adviser admits Romneycare was blueprint for Obamacare.
0;Says Texas voters are being asked to act this November on a proposed constitutional amendment affecting property taxes.
0.25;Its hard to get people in Portland to vote yes on ballot measures especially when theres opposition.
0;The @nytimes sent a letter to their subscribers apologizing for their BAD coverage of me.
1;Some businesses in Oregon are having to shrink back their businesses as a result of the law.
0;Says 11 straight years of no major hurricanes striking land in the United States bores a hole right through the whole climate change argument.
0.5;We spend more money on health care per capita in the United States than any other country in the world. Of the 30 developed countries in the world we spend 2 1/2 times more than the average. Of the country that spends the second most per capita Switzerland we spend 175 percent more.
0.75;I have 2 and a half million more votes than he Sanders does.
0;On abortion
0;Members of Congress receive full pay retirement after serving one term.
0.75;Says he worked with the Democratic legislature to balance spending with revenues so that at the end of my four-year term the rainy day fund was established at more than $2 billion.
0;In 2010 alone 1270 infants were reported to have died following attempted abortions and notably that is only one year.
0;Says the No. 2 cause of death in the U.S. for women under 50 is being killed by their spouse or domestic partner.
0.75;Just about everyone everywhere is spending more hours on the job less time with their families bringing home smaller and smaller paychecks while theyre paying more and more at the gas pump and the grocery stores.
1;The hour of sleep you lose during the change to daylight saving time might initially pose some health risks.
0.5;David Perdue said hed raise taxes.
0;I am the first Latina to run for governor of Texas.
0;Says Every legislative district in the state has at least one craft brewery and countless home brewers.
0.25;Wisconsins criminal threshold for drunken-driving is way out of line with states surrounding us which have the second offense as a felony.
0;In Ohio we invested in our children raising school funding by 5.5 percent in the last budget.
0.75;The poverty level in the Dallas school district is one of the highest in the country higher than New York Chicago Los Angeles Houston Detroit and Newark.
0.75;Says in the last six months of the Bush administration the U.S. lost 3.5 million jobs including 760000 jobs during January 2009 alone.
0;In 2007 when Nancy Pelosi met with President Assad of Syria nobody got upset.
0;For the past eight years Gov. Carcieri and Mrs. Carcieri would host the lighting of the State House Christmas tree.
1;Rhode Island has the the second-most heavily deployed National Guard in the United States.
0;Says Demond Means turnaround district superintendent for Milwaukee Public Schools said the district needs to be gutted.
0.5;SaysVirginia RepublicanScott Taylor has been convicted in at least four different courts across the country at times failing to even appear and having a warrant issued for his arrest.
0.75;Nearly 90% of Travis County government races will be settled by the time of the Democratic primary.
0;Says Mahatma Gandhi once said First they ignore you then they laugh at you then they fight you then you win.
0.5;Savings that I achieved helped fund cameras on the border. As a result more than 21500 arrests have been made and 46 tons of narcotics confiscated.
0.75;The American people will be appalled to learn the health care bill exempts congressional leadership and committee staff.
0.75;Says the number of Americans living at or below the poverty line is at its highest level since 1964.
0.25;The IRS will have the ability potentially to deny or delay health care.
0.25;Deregulation of the states telecommunications industry will create 50000 jobs in Wisconsin.
0.75;We admit about 100000 permanent immigrants from the Middle East every year.
0.75;Says paid family leave is a program that is standard in all but five nations around the world.
0;Nearly 14000 Wisconsinites have lost their job since Governor Walker and the Republicans took over in January.
0;Says in the last 20 years the French have not stood by the United States on foreign policy.
1;For the average middle-class family your taxes today are lower than when I took office.
0.5;Theres more than 100000 people working at the Department of Agriculture. Thats 1 employee for every 30 farmers.
0;Says Attorney General Loretta Lynch was a member of Bill Clintons defense team during the 1992 Whitewater corruption probe.
0;Says thousands at a Manhattan rally for Donald Trump were chanting We hate Muslims we hate blacks we want our great country back.
0.75;Barack Obama passed laws moving people from welfare to work.
0.75;Says Mitt Romney is wrong to claim that spending under Obama has accelerated at a pace without precedent in recent history because its actually risen slower than at any time in nearly 60 years.
0.75;Says President Barack Obama promised a pathway to citizenship to undocumented immigrants and didnt deliver jack squat on any of it.
0.75;California has robust job growth that outpaces the rest of the nation.
0.5;The amount of debt is on pace to double in five years and triple in 10. The federal debt is now over $100000 per household.
0.5;The minute this proposal for near-beach oil drilling came up I was against it.
0.5;The proposed Gogebic mine in northern Wisconsin could be extended as long as 21 miles.
0.25;The Richardson-Denish administration gave 50000 drivers licenses to illegal immigrants in New Mexico.
1;If youre a Mexican you get sent back. ... But if youre from a noncontiguous country like the Central American countries then you can stay in the United States.
1;Says the United States actually exports more gasoline diesel and other fuels than it imported in 2011 for the first time since I think 1949.
1;Says Richard Burr was one of only three senators who voted against a ban on insider trading for members of Congress. And he called that vote brave.
0;Christian Pastor in Vermont Sentenced to One Year in Prison After Refusing to Marry Gay Couple
0.75;Rhode Island is the only state where officers at state-supported [colleges] carry out their duties unarmed.
0.75;Says the United States has the highest corporate tax rate in the world.
0;It was allowed referring to her email practices.
1;The law is very clear! The monies recouped from the TARP shall be paid into the general fund of the treasury for the reduction of the public debt.
0;Our veterans in many cases are being treated worse than illegal immigrants.
0.5;Says Paul Ryan tried to change the whole game for Social Security
0.25;Says Rob Portman was a registered foreign agent whose client was Haiti at a time when the Baby Doc Duvalier who was a despot was killing people.
0;Recent solar energy policies in Georgia have resulted in rate hikes and did not result in solar becoming any more economically viable.
0.25;Says President Barack Obamas acceptance of an Islamic order and gold medal was unconstitutional.
0.75;In 2010 the non-partisan Government Accountability Office found that only 6.5 percent of the U.S.-Mexico border was under full control of the Border Patrol.
0.5;Not one tax has been raised since Ive been governor.
1;Demand for transportation choice is on the rise with 14 percent more Ohioans riding passenger trains over the past year.
1;A poll conducted in Egypt revealed that 80 percent of Egyptians oppose receiving foreign aid from the United States.
0;We spend twice as much per capita on health care as any other nation on Earth.
0;Says the Texas Education Agency follows up to make sure undocumented immigrants paying in-state tuition at Texas colleges are applying for permanent residency.
1;Says 18 states and the District of Columbia have voted Democratic in six consecutive presidential elections.
0;Hidden in the healthcare.gov code is language that means users waive any reasonable right to privacy of your personal information.
0.75;One of the most recent polls said 75 percent of the American people have said either dont do anything or start over on health care reform.
0.25;Most military experts say there is anywhere between 25 and 30 members of al Qaeda in Afghanistan.
0.5;The average American is working through the month of May just to pay off the government.
0.5;Says Kelly Ayotte stands with the Washington gun lobby. They fund her campaigns.
0.5;Barack Obamas network of small donors constitutes a parallel public financing system.
0;In Cranston it costs $5000 to $6000 to send out community notifications on just one Level 3 sex offender.
0.5;While the countrys economy was battered nine states with no income tax actually grew jobs from 2001 to 2010.
0;The United States is not building the aircraft the long-range bombers the additional aircraft carriers the nuclear submarines.
0;Every year we spend roughly $500 billion on tax compliance. That is roughly the budget of our entire military entirely wasted on tax compliance.
0.75;They say teachers only make on averagein New Jersey 60000 dollars a year.They only work 180 days.
0.5;I can put 10000 people to work. Electricians plumbers sheet metal workers -- by retrofitting all of the state buildings for energy independence or efficiency.
1;Exporters are using a federal loophole to deceptively sell products made from cat and dog fur to U.S. consumers.
1;The city of Atlanta has either the highest or second-highest average water bills in the country.
0.25;Mitt Romneys and Bain Capitals profits from KB Toys which later went out of business were described by the Boston Herald as disgusting.
0.25;Roy Coopers refusal to do his job is costing taxpayers money.
0.75;In exchange for five minutes with Bill Clinton the government of Qatar was going to give $1 million to the Clinton Foundation.
1;Speaker Rubio supported gun restrictions that included background checks and waiting periods.
0.75;Salaries of Austin residents who dont work for city government have not been going up 3 percent a year for the last several years.
0.5;She Kagan took money from Goldman Sachs just like her boss Obama.
0;Did you know that in 2013 over 50 percent of all babies born in Oregon were Hispanic?
1;We are one of only two states to have eight consecutive months of declining unemployment. Twenty-one states had increased unemployment last month. Ours went down.
0;Barack Obama wants to unilaterally disarm our nation.
0;On an earmark moratorium.
0;Milwaukees problems include 52 percent black male unemployment.
0.25;Rob Cornilles has disputed for two years a news story that said he said he would cut Social Security and Medicare programs before trimming the U.S. defense budget.
0;Says Texas Railroad Commissioner Michael Williams has attended more than 150 tea party gatherings.
0;Harry Reid has voted to give special tax breaks to illegal aliens.
0;Job growth in the United States is now at the fastest pace in this countrys history.
0.5;When asked about equal pay for women Rubios quote was that it was a waste of time.
0.75;Atlanta has issued an increasing number of citations - and collected an increasing amount of revenue - since Mayor Kasim Reed took office in 2010.
1;Says he was known as Veto Corleone for cutting spending as Florida governor.
1;The last time Republican U.S. Senate candidates beat more than two incumbents was 1980.
1;On how to respond to Puerto Ricos debt crisis.
0.25;The State of Rhode Island has the worst state-funded pension in the country.
0.5;In 2009 Hillary Clinton was at the State Department working with U.S. corporations to pressure Haiti not to raise the minimum wage to 61 cents an hour from 24 cents.
0.75;More than any Republican governor in the 2014 elections I took a higher percentage of the Republican voteand yet I also carried independents by 12 points.
0.25;After the 2012 redistricting Wisconsin has competitive congressional districts.
1;John McCain was even mentioned as a running mate with John Kerry.
1;Ive cast a couple of 99-1 votes and been the lone dissenter.
0;Says hes never asked for more than inflationary budget increases in his 10 budgets as Milwaukee County sheriff
0.25;Under New York Mayor Bill de Blasio homicides are up by 20 percent and subway delays have soared 45 percent.
0.75;And delivered more tax relief than the other Republicans combined.
0.25;Says U.S. Rep. Lamar Smith supported the $700 billion Wall Street bailout in 2008 but now he is standing in the way of reforms that would assure these bailouts would never happen again.
0.5;#GradInsurance debacle is a DIRECT result of #ObamaCare. #MIZZOU has to break the law to do the right thing.
0;Says President Obama has waived the work requirement for welfare.
0.75;7 out of 10 Oregon families living in poverty have at least one parent who works.
1;Ninety-seven percent of the time. Thats how often Mark Warner votes with President Obama.
0.25;Says Rick Perry is a 25-year incumbent.
0.75;Says an array of statistics show that conditions in some parts of Baltimore rival that of the West Bank in Palestine North Korea and distressed cities in Nigeria India China and South Africa.
0.5;The House passed a pay-as-you-go rule that said If you wanted to have an investment an entitlement etc. you had to pay for it.
1;The numbers make it clear that Georgia voters are increasingly taking advantage of early voting opportunities.
0;Says Ocean Spray is moving its Bordentown processing facility to Pennsylvania largely because of costs associated with the Regional Greenhouse Gas Initiative.
1;On running for the presidency in 2012
1;Rhode Island is almost dead last among Northeastern states in the length of time first-degree murderers must spend in prison before theyre eligible for parole.
0;All the really great programs in American history Social Security was done without Republicans. Medicare was done without Republican support until the last vote where they realized they had to get on board.
0;Diane Black voted to fund Obamacare.
0.25;Hurricane Sandy the most destructive Atlantic storm ever.
0.75;The Hispanic population in Gwinnett and Henry counties has increased by 153 percent and 339 percent respectively since 2000 while Republican presidential candidates are getting a smaller percentage of the vote in those counties.
0.75;I was the most bipartisan senator in the United States Senate.
0.25;Says Gov. Scott Walker raises the pay of inmates but we dont raise the pay of staff in our correctional institutions.
0;The current debate over authorizing military action against the Islamic State would be the first time Congress would place limits on the commander-in-chiefs ability to be commander-in-chief.
0.75;U.S. debt is now equal to 100 percent of the GDP.
0.25;Tom Ganley supports a 23 percent national sales tax that would raise taxes on the middle class while giving a huge tax break to millionaires like himself.
0.5;Pat Toomey still supports privatizing Social Security.
1;The marijuana that kids are smoking today is not the same as the marijuana that Jeb Bush smoked 40 years ago.
1;Barack Obama voted against born alive legislation in Illinois that was virtually identical to the federal law.
0.75;Says Trump shirts are made in Bangladesh Trump suits in Mexico Trump Vodka in the Netherlands Trump crystal barware in Slovenia and his cufflinks and ties in China.
0;Says President Barack Obama has opened up no new trade relationships with other nations.
1;Says taxpayer subsidy for the Oregon Convention Center hotel jumped $100 million in closed-door sessions
0.25;Says you can buy four light bulbs for $1.99 at Walmart while a single compact fluorescent lamp CFL costs $10 a pop.
0.75;Jeb Bush not the State of Florida decided which private emails to disclose.
1;History tells us that job growth always lags behind economic growth.
0.75;Bill Howell has been the consistent force behind every major tax increase in Virginia in the last decade.
0.75;More than 9000 Rhode Island voters used the Moderate Party master lever mechanism and they didnt have a single Moderate on their ballot.
0.5;President Obama is attacking Paul Ryan on Medicare even though it is his administration with the help of Jim Langevin who cut $716 billion from Medicare.
0;Says Hillary Clinton has even deleted this record of total support for the Trans-Pacific Partnership trade agreement from her book.
0;Obama says Iran is a tiny country doesnt pose a serious threat.
0;Barbara Boxers worried about the weather instead of terrorism as the biggest threat to national security.
1;We spend three times more on entitlements and debt services than we do on defense.
0;In the 2014 elections the American people overwhelmingly said we dont want Obamacare and we dont want amnesty.
0.5;Dan Patrick got caught not paying his taxes and pocketed his employees payroll taxes.
0.25;Says Merrick Garland authored an opinion that resulted in the release of 17 Guantanamo Bay prisoners who were part of a group of violent Islamist extremists the State Department had designated as terrorists.
1;Congress has 11 percent approval ratings yet 96.4 percent of incumbent lawmakers were re-elected in 2014.
0.25;Letting the Bush tax cuts expire would raise taxes on small businesses.
0.25;Statistics bear out that any time a country a state makes more restrictive abortion laws ... fatalities go up and abortions actually increase.
0.75;The presidents budget would take ... non-defense spending to its lowest level ... as a percentage of the economy since JFK.
0.75;Of the approximately 6 million disenfranchised felons in the United States one-quarter are Floridians.
0;Obama basically threatened to bomb Pakistan.
0;The Governor did not consult members of his own party before he released his [transportation] plan.
0;Ohio has lost more population than every other state in the country except for two.
0.75;Here in California Donald Trump has given $12000 to Jerry Brown Gavin Newsom and Kamala Harris.
0.5;Gov. Rick Perry has overseen the highest Texas unemployment in 22 years.
0;On support for the auto bailouts.
0.75;Ed Gillespies 2006 book promoted an individual health care mandate and recommends that it be enforced by the IRS through the income tax code.
0.25;When Republican extremists tried to take away abortion rights Blake Rocap stopped them.
0.5;Says Obama refuses to recognize Jerusalem as the capital of Israel.
0.5;Says he helped to draft parts of the Dodd-Frank Wall Street reform bill.
1;Says income tax rates under Eisenhower were as high as 90 percent.
0.75;American homeownership rate in Q2 2016 was 62.9% - lowest rate in 51yrs.
0.5;Romneys Medicare plan was estimated to cost the average senior about $6000 a year.
1;If we had the same staffing ratio of officers to residents as Seattle wed have 300 more officers in our department.
1;Department of Veterans Affairs doctors are prohibited from recommending medical marijuana.
0.75;When career politician Daniel Webster became speaker of the House he wasted $32000 of our money on a spiral staircase for his office.
0.5;Texas had the highest level of turnout than ever before in the primary.
0;Says the difference between her and Barack Obama is about 35 years of experience.
0.75;22 veterans take their own lives each day.
0.5;The United States is the only major country on earth that doesnt guarantee health care to all people as a right not a privilege.
0.25;Said former U.S. Ambassador to Kenya Scott Gration was forced to resign two years ago because of his personal use of emails.
0.5;Says Florida is a model for successful pretrial release programs.
0.25;If you have ever visited Nashville or Washington D.C. you will see MANY names and initials carved into ... desks.
0;Redistribution has never been a characteristic of America.
0;Tampa is the strip club capital of the world.
0;Said they reached a power-sharing agreement with Republican Lt. Gov. Casey Cagle
0.5;Says between 6 and 20 bicycles can be parked in the space required by one car.
0;I unsealed my records at Marquette University.
1;Says that U.S. Rep. Allen West is a constituent of mine.
0;The U.S. gives foreign aid to Cuba and Venezuela even though those countries are our enemies.
0.5;Says Texas wildfires are linked to climate change.
0;if the Agreement goes into effect the millions of Mexican citizens who will become eligible for Social Security benefits may have a far stronger claim to benefits and protection against cuts than U.S. citizens!
0;Earlier this year [John DePetro] was accused of sexually assaulting a female co-worker.
0;Photo of tea party protests shows crowd sprawling from Capitol to Washington Monument
0.5;The approval of the United States was 20 points higher when Hillary Clinton left the secretary of states office than when she took it.
0;Every one of the 67 supervisors of elections in Florida refused to carry out the effort to remove noncitizens from the voter rolls.
0.75;Bill Richardson is the only major Democratic candidate with a plan to withdraw all American troops from Iraq. All of the other major Democratic candidates support leaving American troops in Iraq indefinitely.
1;I earned more votes in the state of Wisconsin than Donald Trump did in New York.
0.5;There are 278 Republicans in Congress. With Eric Cantors defeat they are now all Christian and all white except for one black senator who was appointed.
0;If the Stamp Farm wind turbine is built the health risk of flicker impact created by shadows of blades of turbines poses real and significant health risks particularly seizures.
0;Gov. Crists veto also clears the way for taxpayer funding of abortion in Florida.
1;Says she condemned violence at a campaign stop in Arizona in March.
0.75;According to the most recent report Wisconsins high school graduation rates are also up again -- to third best in the country.
0.75;In Iran in 1979 the extremists hijacked the broad-based popular revolution against the Shah and established a brutal theocracy.
0.25;On immigration reform Marco Rubio all along has been saying We have to have border security first and then he gets on Spanish TV he ends up saying No no. That will never get in the way.
0;Dem-controlled Ohio House voted to change the process to create objective criteria to modify the Constitution ... to take politics out of the efforts to draw legislative boundaries.
0.5;Over the last few years weve put more people back to work than all the other advanced economies combined.
0.25;Obama voted against critical resources: no to individual body armor no to helicopters no to ammunition no to aircraft.
0;Says U.S. Sen. Sherrod Brown is responsible for over $14 trillion in debt.
0;Under Tom Barretts leadership violent crime in Milwaukee has decreased by over 20% -- to its lowest levels in more than 20 years.
0;Barack Obama appeared in the video for Whoomp! There it is!
0.75;Florida has the most concealed weapon permits in the nation nearly double that of the second state which is Texas.
0.75;Under President George W. Bush the U.S. had 52 months of ... uninterrupted job creation and revenues were at an all-time high in 2007.
0.5;Says Gov. Scott Walker didnt balance the budget so we now have a larger state deficit 14 months into his term than we did when he was elected.
0;Says that compared to direct sales by manufacturers consumers save avg of $500 per car sold through franchised dealer model.
0.75;Says that Josh Mandel voted to let insurance companies deny coverage for autism
0;Prior to Obamacare here in Wisconsin 95 percent of Wisconsinites were covered by insurance. After Obamacare 95 percent of Wisconsinites were covered by insurance. It hasnt had an impact.
0.5;Secretary Clinton changes her position on gun issues every election year it seems having one position in 2000 and then campaigning against President Obama and saying we dont need federal standards.
0.25;The rifle used by Omar Mateen shoots off 700 rounds in a minute.
0;Building and running the Atlanta Streetcar is projected to create 1399 jobs.
0;Wisconsin is one of the bluest states but under Scott Walker its unemployment rate is around 3.5%.
0;Residential property taxes [in Providence] are up nearly 27 percent under Mayor Taveras.
0.75;Assault weapons and handguns are allowed in the state Capitol while bullhorns trumpets helium balloons and flags on poles are banned.
0;Teachers are working their third consecutive year -- some longer than that -- without salary increases.
1;The highest paid employee of the State of Rhode Island is a basketball coach.
0;I dont have lobbyists running my campaign.
0.5;Expanding Medicaid would require borrowing more money drastically expanding our deficit.
0.75;After Jeb Bushs two terms in office Floridas graduation rate was dead last and remains near the bottom.
0.25;Farming is one of the fastest growing areas of our economy.
0;Weve seen the increase of alcohol use for underage kids even though alcohol has been illegal ... for kids under 21.
0;If we had been on Obamacare and a bureaucrat was trying to tell me when I could get that CAT scan that would have delayed my treatment.
0.75;The proposed Keystone XL oil pipeline is a bipartisan proposal.
1;On support for gay marriage.
0.75;Says Mitt Romney just gave a speech a few weeks ago and said we should still have troops in Iraq.
0.75;Says David Dewhurst explicitly advocated a guest worker program for all illegal immigrants.
0.25;A Republican proposal changes Medicare for those under age 55 so that they will participate in the same kind of health plan that members of Congress do.
0.25;Says the Affordable Care Act was a federal takeover of the student loan industry and profits on the loans go to help pay for the health care law.
0;Barack Obama had 150 days in the U.S. Senate where he was able to vote quite often present. 
0.75;Much more than 50 percentof parents out there are spankers.
0.5;Wisconsin is one of the highest taxed states in the nation.
0;Says opponent Bill Flores helped run a company that laid off over 3000 workers and paid off executives with millions.
0;Says Michelle Obama has 43 people on her staff
0.25;Says Rick Perry doubled spending in a decade.
0.5;Texas still owns all of its public lands. If the federal govt wants to create a park they must ask permission!
0;The 9-0 decision last week was the 13th time the Supreme Court voted 9-0 that the president had exceeded his constitutional authority.
0;Says Tammy Baldwin supports a law in which government will take over your decisions on medicine on doctors and on hospitals.
0.25;The projected $1.8 billion state budget shortfall for 2015-17 actually comes from an assumption based on zero growth. That just doesnt happen.
0;Says if we do nothing and continue to let Obamacare siphon off that $700 billion dollars off the top of it Medicare goes away in less than 10 years -- certain accounts of it -- and it just falls apart at the seams.
0;Says Sen. John McCain spent the July 4 weekend in Islamabad Pakistan selling F-16s and advanced weapons to the folks who harbored Osama bin Laden.
0;Says Donald Trump doesnt make a thing in America.
0.25;Why is President Obama unnecessarily delaying your flight? FAA could cut other spending.
0.5;John Cornyn has voted to increase the debt raise taxes bail out Wall Street banks and fund Obamacare.
0.25;Washington politicians run Social Security like a Ponzi scheme.
1;Says Republican presidential candidate and Gov. John Kasich has spent 177 days out of state and used $350000 in taxpayer money on his costly campaign.
0;Ever wonder why no one ever came forward from Obamas past saying they knew him attended school with him was his friend etc.? Not one person has ever come forward from his past.
0.75;California has the sixth largest economy on planet Earth.
0;Barack Obamas plan calls for mandates and fines for small businesses.
0;Says area near proposed northern Wisconsin iron ore mine is 15 hours away from where public hearing on mining was held.
0;Our credit rating went up since Ive been in office.
1;African-American children are 500 percent more likely to die from asthma than white kids.
0;U.S. police killed more people in just one month than the U.K.s did in over a century.
1;The legislature was never given the opportunity to debate or vote on loaning $75 million to 38 Studios.
0.75;When weve got CEOs making more in 10 minutes than ordinary workers are making in a year ... then something is wrong.
0;Says 11 soccer players on the U.S. Mens National Team are immigrants.
0;The president by executive order could grant voting rights to illegal immigrants who are newly legalized under pending legislation.
0.75;Rob Portman won the fewest votes of all Ohio U. S. Senate victors since 2000.
0.5;Says U.S. Senate candidate Michelle Nunn was handpicked by President Barack Obama
0;China owns about 29 percent of the U.S. debt.
0.25;Chris Sununu supported Obamas Common Core agenda taking away local control of our schools.
0.25;President Barack Obama said unemployment was never gonna go over 8 percent if we passed the stimulus plan.
0.5;Gwinnett County government has made significant cutbacks in staffing.
0.5;Says the Constitution specifically states the Congress shall write legislation for immigration policy so Barack Obama lacks the authority to defer the deportation of young illegal immigrants.
0.5;Crime rises in communities with casinos.
1;Americans spend 6.1 billion hours a year complying with tax law. It costs us $163 billion to comply with our tax laws annually.
0.5;A space shuttle the National Museum of the United States Air Force near Dayton would be within a days drive of 60 percent of the U.S. population.
0.5;It isnt me cutting the budget. Its the Congressdecision on sequestration. So it isnt secretary of defense or the president doing this.
0.75;Arizona schools rank 45th in the nation dead last in funding per student.
0.75;Rhode Island is at the top of the country for alcohol-related fatalities.
0;Maj. Nidal Hasan the man accused of the Fort Hood shootings was an ADVISOR to the Obama Administration.
0;Florida has the second-lowest campaign contribution limit in the entire country.
1;As CEO of WWE Linda McMahon was caught tipping off a ringside physician about a federal investigation into illegally distributing steroids to wrestlers.
0.25;We have right now Hezbollah which is working throughout Latin America in Venezuela in Mexico throughout Latin America which poses a very significant and imminent threat to the United States of America.
0.75;Says taking millionaires off food stamps and unemployment would save $20 million.
0.75;The last six polls including this weeks Time magazine show that I beat John McCain by six or seven points.
0;David Beckhams proposed soccer stadium at Miamis Port threatens the 207000 jobs and $27 billion economic impact tied to the cargo and cruise industries.
0.25;If we pass immigration reform it will make wages go up on average $250 for the average household.
0.5;Says that when President Bill Clinton raised the top tax rates to levels now proposed by Obama the country experienced significant job growth.
0;Scott Walker gave Wisconsin job creation money to his cronies: corporate friends who contributed to his campaigns and got $570 million in job-development incentives
0;Due to actions by President Barack Obama the Burger King national headquarters announced this month that they will be pulling their franchises from our military bases.
0;Scott Walker has a plan to privatize state lands and wants to sell our deer to the highest bidder.
0.5;The United States had allies lined up for air strikes in Syria and then Obama pulled the rug out.
0;We saw the president of the United States engage American troops in a fourth conflict in a foreign land. This is historic.
1;Says hes signed a pledge not to raise taxes four times.
0.5;Unemployment in Texas has risen over two percentage points with Rick Perry as governor.
0;U.S. Reps. Paul Ryan Sean Duffy and Reid Ribble are shutting down town hall meetings or making their constituents pay to attend them.
0;Rick Perry thinks injecting 11- and 12-year-old girls with a controversial drug the HPV vaccine without a parents consent is a good idea.
0;A 2005 gay pride vote had nothing to do with discrimination.
0.25;The Republicans still want to privatize Social Security. In fact their whole idea is to turn over the Social Security trust fund to Wall Street.
0.75;On the night of the Iowa caucuses Obama promised the nation that he would do health care reform focused on cost containment he opposed an individual mandate and he said he was going to do it with Republicans.
0.5;Says Florida rubber-stamped phony horse racing.
0.25;One of the key things about Leonard Lance is that in 2008 when you look at [the] Project Vote Smart website he was not for guns. Now he has gone too far to the right saying that you can carry concealed weapons in national parks.
